Chip,SubChipFamily,KWords,Data EEPROM,HEFWords,SAFWords,ProgMemRowSizeWords,RAM,I/O,ADC Channels,Max. Speed MHz,Int Oscillator (MHz),Parallel Port,USART,Pin Count,PWMTimerVariant,FixedConstants,SMTClockSourceVariant,ConfigBaseLoc,IntOSCCONFormat,READAD10BITFORCE,Stack,IDAddress,IDLength,NoBankRAM,31kSupport,SectorRAMAddress,SectorRAMAddressSize,WriteFlashBlockSize,EraseFlashBlockSize,,
PIC10F200,,0.25,0,0,0,,16,4,0,4,4,No,0,6,0,,0,0,,,2,256,4,10:1F,,0,0,-1,-1,,
PIC10F202,,0.5,0,0,0,,24,4,0,4,4,No,0,6,0,,0,0,,,2,512,4,8:1F,,0,0,-1,-1,,
PIC10F204,,0.25,0,0,0,,16,4,0,4,4,No,0,6,0,,0,0,,,2,256,4,10:1F,,0,0,-1,-1,,
PIC10F206,,0.5,0,0,0,,24,4,0,4,4,No,0,6,0,,0,0,,,2,512,4,8:1F,,0,0,-1,-1,,
PIC10F220,,0.25,0,0,0,,16,4,2,8,0.84,No,0,6,0,,0,0,,,2,256,4,10:1F,,0,0,-1,-1,,
PIC10F222,,0.5,0,0,0,,23,,2,8,0.84,No,0,6,0,,0,0,,,2,512,4,9:1F,,0,0,-1,-1,,
PIC10F320,,0.256,0,0,0,,64,4,3,16,0.16125,No,0,6,0,,0,0,1,,8,8192,4,20:5F,INTOSC|OSCCON|0,0,0,16,16,,
PIC10F322,,0.512,0,0,0,,64,4,3,16,0.16125,No,0,6,0,,0,0,1,,8,8192,4,20:5F,INTOSC|OSCCON|2,0,0,16,16,,
PIC12C508,,0.5,,0,0,,25,6,0,4,,No,0,8,0,,0,0,,,2,,,,,0,0,-1,-1,,
PIC12C508A,,0.5,,0,0,,25,6,0,4,,No,0,8,0,,0,0,,,2,,,,,0,0,-1,-1,,
PIC12C509,,1,,0,0,,41,6,0,4,,No,0,8,0,,0,0,,,2,,,,,0,0,-1,-1,,
PIC12C509A,,1,,0,0,,41,6,0,4,,No,0,8,0,,0,0,,,2,,,,,0,0,-1,-1,,
PIC12C671,,1,,0,0,,128,6,4,10,,No,0,8,0,,0,0,,,2,,,,,0,0,-1,-1,,
PIC12C672,,2,,0,0,,128,6,4,10,,No,0,8,0,,0,0,,,2,,,,,0,0,-1,-1,,
PIC12CE518,,0.5,,0,0,,25,6,0,4,,No,0,8,0,,0,0,,,2,,,,,0,0,-1,-1,,
PIC12CE519,,1,,0,0,,41,6,0,4,,No,0,8,0,,0,0,,,2,,,,,0,0,-1,-1,,
PIC12CE673,,1,,0,0,,128,6,4,10,,No,0,8,0,,0,0,,,2,,,,,0,0,-1,-1,,
PIC12CE674,,2,,0,0,,128,6,4,10,,No,0,8,0,,0,0,,,2,,,,,0,0,-1,-1,,
PIC12CR509A,,1,,0,0,,41,5,0,4,,No,0,8,0,,0,0,,,2,,,,,0,0,-1,-1,,
PIC12F1501,,1,,128,0,16,64,6,4,20,16,No,0,8,0,,0,0,2,,16,32768,4,70:7F,_FOSC_INTOSC|OSCCON|2,0,0,16,16,,
PIC12F1571,,1,,128,0,16,128,6,4,32,32,No,0,8,0,PWM16Type=1,0,0,,,16,32768,4,70:7F,,0,0,16,16,,
PIC12F1572,,2,,128,0,16,256,6,4,32,32,No,1,8,0,PWM16Type=1,0,0,,,16,32768,4,70:7F,,0,0,16,16,,
PIC12F1612,,2,,128,0,16,256,6,4,32,32,No,0,8,0,,1,0,,,16,32768,4,70:7F,,0,0,16,16,,
PIC12F1822,,2,256,0,0,,128,6,4,32,32,No,1,8,0,,0,0,,,16,32768,4,70:7F,INTOSC|OSCCON|0,0,0,16,16,,
PIC12F1840,,4,256,0,0,,256,6,4,32,32,No,1,8,0,,0,0,,,16,32768,4,70:7F,INTOSC|OSCCON|2,0,0,32,32,,
PIC12F508,,0.5,0,0,0,,25,6,0,4,4,No,0,8,0,,0,0,,,2,512,4,7:1F,,0,0,-1,-1,,
PIC12F509,,1,0,0,0,,41,6,0,4,4,No,0,8,0,,0,0,,,2,1024,4,7:F,,0,0,-1,-1,,
PIC12F510,,1,0,0,0,,38,6,3,8,8,No,0,8,0,,0,0,,,2,1024,4,0A:0F,,0,0,-1,-1,,
PIC12F519,,1,64,0,0,,41,6,0,8,8,No,0,8,0,,0,0,,,2,1088,4,7:F,,0,0,-1,-1,,
PIC12F520,,-1,,0,0,,,,,,,,0,,0,,0,0,,,2,,,,,0,0,-1,-1,,
PIC12F529T39A,,1.5,64,0,0,,201,6,0,8,8,No,0,8,0,,0,0,,,2,,,,,0,0,-1,-1,,
PIC12F529T48A,,1.5,64,0,0,,201,6,0,8,8,No,0,14,0,,0,0,,,2,,,,,0,0,-1,-1,,
PIC12F609,,1,0,0,0,,64,6,0,20,8,No,0,8,0,,0,0,,,8,8192,4,70:7F,,0,0,-1,-1,,
PIC12F615,,1,0,0,0,,64,6,4,20,8,No,0,8,0,,0,0,,,8,8192,4,70:7F,,0,0,-1,-1,,
PIC12F617,,2,0,0,0,,128,6,4,20,8,No,0,8,0,,0,0,,,8,8192,4,70:7F,,0,0,-1,-1,,
PIC12F629,,1,128,0,0,,64,6,0,20,4,No,0,8,0,,0,0,,,8,8192,4,20:5F,,0,0,-1,-1,,
PIC12F635,,1,128,0,0,,64,6,0,20,8,No,0,8,0,,0,0,,,8,8192,4,70:7F,,0,0,-1,-1,,
PIC12F675,,1,128,0,0,,64,6,4,20,4,No,0,8,0,,0,0,,,8,8192,4,20:5F,,0,0,-1,-1,,
PIC12F683,,2,256,0,0,,128,6,4,20,8,No,0,8,0,,0,0,,,8,8192,4,70:7F,,0,0,-1,-1,,
PIC12F752,,1,0,0,0,,64,6,4,20,8,No,0,8,0,,0,0,,,8,8192,4,70:7F,INT|OSCCON|0|0,0,0,4,16,,
PIC12HV609,,1,0,0,0,,64,6,0,20,8,No,0,8,0,,0,0,,,8,8192,4,20:5F,,0,0,-1,-1,,
PIC12HV615,,1,0,0,0,,64,6,4,20,8,No,0,8,0,,0,0,,,8,8192,4,20:5F,,0,0,-1,-1,,
PIC12HV752,,1,0,0,0,,64,6,4,20,8,No,0,8,0,,0,0,,,8,8192,4,70:7F,,0,0,4,16,,
PIC12LF1552,,2,0,0,0,,256,6,5,32,32,No,0,8,0,,0,0,,,16,32768,4,70:7F,,0,0,16,16,,
PIC12LF1840T39A,,4,256,0,0,,256,6,4,32,32,No,1,8,0,,0,0,,,16,32768,4,70:7F,,0,0,-1,-1,,
PIC12LF1840T48A,,4,256,0,0,,256,6,4,32,32,No,1,14,0,,0,0,,,16,32768,4,70:7F,,0,0,-1,-1,,
PIC16C432,,2,0,0,0,,128,12,0,20,,No,0,20,0,,0,0,,,8,,,,,0,0,-1,-1,,
PIC16C433,,2,0,0,0,,128,6,4,10,4,No,0,18,0,,0,0,,,8,,,,,0,0,-1,-1,,
PIC16C505,,1,,0,0,,72,12,0,20,,No,0,14,0,,0,0,,,8,,,,,0,0,-1,-1,,
PIC16C52,,0.5,,0,0,,25,12,0,4,,No,0,18,0,,0,0,,,8,,,,,0,0,-1,-1,,
PIC16C54,,0.5,,0,0,,25,12,0,20,,No,0,18,0,,0,0,,,8,,,,,0,0,-1,-1,,
PIC16C54A,,0.5,,0,0,,25,12,0,20,,No,0,18,0,,0,0,,,8,,,,,0,0,-1,-1,,
PIC16C54B,,0.5,0,0,0,,25,12,0,0,0,No,0,18,0,,0,0,,,8,,,,,0,0,-1,-1,,
PIC16C54C,,0.5,,0,0,,25,12,0,40,,No,0,18,0,,0,0,,,8,,,,,0,0,-1,-1,,
PIC16C55,,0.5,,0,0,,24,20,0,20,,No,0,18,0,,0,0,,,8,,,,,0,0,-1,-1,,
PIC16C554,,0.5,0,0,0,,80,13,0,20,,No,0,18,0,,0,0,,,8,,,,,0,0,-1,-1,,
PIC16C557,,2,0,0,0,,128,22,0,20,,No,0,28,0,,0,0,,,8,,,,,0,0,-1,-1,,
PIC16C558,,2,0,0,0,,128,13,0,20,,No,0,18,0,,0,0,,,8,,,,,0,0,-1,-1,,
PIC16C55A,,0.5,0,0,0,,24,20,0,40,,No,0,28,0,,0,0,,,8,,,,,0,0,-1,-1,,
PIC16C56,,1,,0,0,,25,12,0,20,,No,0,18,0,,0,0,,,8,,,,,0,0,-1,-1,,
PIC16C56A,,1,0,0,0,,25,12,0,40,0,No,0,18,0,,0,0,,,8,,,,,0,0,-1,-1,,
PIC16C57,,2,,0,0,,72,20,0,20,,No,0,28,0,,0,0,,,8,,,,,0,0,-1,-1,,
PIC16C57C,,2,,0,0,,72,20,0,40,,No,0,28,0,,0,0,,,8,,,,,0,0,-1,-1,,
PIC16C58A,,2,,0,0,,73,12,0,20,,No,0,18,0,,0,0,,,8,,,,,0,0,-1,-1,,
PIC16C58B,,2,0,0,0,,73,12,0,40,0,No,0,18,0,,0,0,,,8,,,,,0,0,-1,-1,,
PIC16C61,,1,,0,0,,36,13,0,20,,No,0,18,0,,0,0,,,8,,,,,0,0,-1,-1,,
PIC16C620,,0.5,,0,0,,80,13,0,20,,No,0,18,0,,0,0,,,8,,,,,0,0,-1,-1,,
PIC16C620A,,0.5,0,0,0,,96,13,0,40,0,No,0,18,0,,0,0,,,8,,,,,0,0,-1,-1,,
PIC16C621,,1,,0,0,,80,13,0,20,,No,0,18,0,,0,0,,,8,,,,,0,0,-1,-1,,
PIC16C621A,,1,0,0,0,,96,13,0,40,,No,0,18,0,,0,0,,,8,,,,,0,0,-1,-1,,
PIC16C622,,2,,0,0,,128,13,0,20,,No,0,18,0,,0,0,,,8,,,,,0,0,-1,-1,,
PIC16C622A,,2,0,0,0,,128,13,0,40,0,No,0,18,0,,0,0,,,8,,,,,0,0,-1,-1,,
PIC16C62A,,2,,0,0,,128,22,0,20,,No,0,28,0,,0,0,,,8,,,,,0,0,-1,-1,,
PIC16C62B,,2,0,0,0,,128,22,0,20,,No,0,28,0,,0,0,,,8,,,,,0,0,-1,-1,,
PIC16C63,,4,,0,0,,192,22,0,20,,No,1,28,0,,0,0,,,8,,,,,0,0,-1,-1,,
PIC16C63A,,4,0,0,0,,192,22,0,20,0,No,1,28,0,,0,0,,,8,,,,,0,0,-1,-1,,
PIC16C642,,4,,0,0,,176,22,0,20,,No,0,28,0,,0,0,,,8,,,,,0,0,-1,-1,,
PIC16C64A,,2,,0,0,,128,33,0,20,,No,0,40,0,,0,0,,,8,,,,,0,0,-1,-1,,
PIC16C65A,,4,,0,0,,192,33,0,20,,No,1,40,0,,0,0,,,8,,,,,0,0,-1,-1,,
PIC16C65B,,4,0,0,0,,192,33,0,20,0,PSP,1,40,0,,0,0,,,8,,,,,0,0,-1,-1,,
PIC16C66,,8,,0,0,,368,22,0,20,,No,1,28,0,,0,0,,,8,,,,,0,0,-1,-1,,
PIC16C662,,4,,0,0,,176,33,0,20,,No,0,40,0,,0,0,,,8,,,,,0,0,-1,-1,,
PIC16C67,,8,,0,0,,368,33,0,20,,No,1,40,0,,0,0,,,8,,,,,0,0,-1,-1,,
PIC16C71,,1,,0,0,,36,13,4,20,,No,0,18,0,,0,0,,,8,,,,,0,0,-1,-1,,
PIC16C710,,0.5,,0,0,,36,13,4,20,,No,0,18,0,,0,0,,,8,,,,,0,0,-1,-1,,
PIC16C711,,1,,0,0,,68,13,4,20,,No,0,18,0,,0,0,,,8,,,,,0,0,-1,-1,,
PIC16C712,,1,,0,0,,128,13,4,20,,No,0,18,0,,0,0,,,8,,,,,0,0,-1,-1,,
PIC16C715,,2,,0,0,,128,13,4,20,,No,0,18,0,,0,0,,,8,,,,,0,0,-1,-1,,
PIC16C716,,2,,0,0,,128,13,4,20,,No,0,18,0,,0,0,,,8,,,,,0,0,-1,-1,,
PIC16C717,,2,0,0,0,,256,16,6,20,4,No,0,18,0,,0,0,,,8,,,,,0,0,-1,-1,,
PIC16C72,,2,,0,0,,128,22,5,20,,No,0,28,0,,0,0,,,8,,,,,0,0,-1,-1,,
PIC16C72A,,2,,0,0,,128,22,5,20,,No,0,28,0,,0,0,,,8,,,,,0,0,-1,-1,,
PIC16C73A,,4,,0,0,,192,22,5,20,,No,1,28,0,,0,0,,,8,,,,,0,0,-1,-1,,
PIC16C73B,,4,,0,0,,192,22,5,20,,No,1,28,0,,0,0,,,8,,,,,0,0,-1,-1,,
PIC16C745,,8,0,0,0,,256,22,5,24,0,No,1,28,0,,0,0,,,8,,,,,0,0,-1,-1,,
PIC16C74A,,4,,0,0,,192,33,8,20,,No,1,40,0,,0,0,,,8,,,,,0,0,-1,-1,,
PIC16C74B,,4,,0,0,,192,33,8,20,,No,1,40,0,,0,0,,,8,,,,,0,0,-1,-1,,
PIC16C76,,8,,0,0,,368,22,5,20,,No,1,28,0,,0,0,,,8,,,,,0,0,-1,-1,,
PIC16C765,,8,0,0,0,,256,33,8,24,0,PSP,1,40,0,,0,0,,,8,,,,,0,0,-1,-1,,
PIC16C77,,8,,0,0,,368,33,8,20,,No,1,40,0,,0,0,,,8,,,,,0,0,-1,-1,,
PIC16C770,,2,0,0,0,,256,16,6,20,4,No,0,20,0,,0,0,,,8,,,,,0,0,-1,-1,,
PIC16C771,,4,,0,0,,256,16,6,20,,No,0,20,0,,0,0,,,8,,,,,0,0,-1,-1,,
PIC16C773,,4,0,0,0,,256,22,6,20,0,No,1,28,0,,0,0,,,8,,,,,0,0,-1,-1,,
PIC16C774,,4,0,0,0,,256,33,10,20,0,PSP,1,40,0,,0,0,,,8,,,,,0,0,-1,-1,,
PIC16C781,,1,0,0,0,,128,16,8,20,4,No,0,20,0,,0,0,,,8,,,,,0,0,-1,-1,,
PIC16C782,,2,0,0,0,,128,16,8,20,4,No,0,20,0,,0,0,,,8,,,,,0,0,-1,-1,,
PIC16C83,,0.5,,0,0,,36,13,0,10,,No,0,18,0,,0,0,,,8,,,,,0,0,-1,-1,,
PIC16C84,,1,,0,0,,36,13,0,10,,No,0,18,0,,0,0,,,8,,,,,0,0,-1,-1,,
PIC16C923,,4,,0,0,,176,52,0,8,,No,0,64,0,,0,0,,,8,,,,,0,0,-1,-1,,
PIC16C924,,4,,0,0,,176,52,5,8,,No,0,64,0,,0,0,,,8,,,,,0,0,-1,-1,,
PIC16C925,,4,0,0,0,,176,52,5,20,0,No,0,64,0,,0,0,,,8,,,,,0,0,-1,-1,,
PIC16C926,,8,0,0,0,,336,52,5,20,0,No,0,64,0,,0,0,,,8,,,,,0,0,-1,-1,,
PIC16CE623,,0.5,,0,0,,96,13,0,20,,No,0,18,0,,0,0,,,8,,,,,0,0,-1,-1,,
PIC16CE624,,1,,0,0,,96,13,0,20,,No,0,18,0,,0,0,,,8,,,,,0,0,-1,-1,,
PIC16CE625,,2,,0,0,,128,13,0,20,,No,0,18,0,,0,0,,,8,,,,,0,0,-1,-1,,
PIC16CR54A,,0.5,,0,0,,25,12,0,20,,No,0,18,0,,0,0,,,8,,,,,0,0,-1,-1,,
PIC16CR54B,,0.5,,0,0,,25,12,0,20,,No,0,18,0,,0,0,,,8,,,,,0,0,-1,-1,,
PIC16CR54C,,0.5,,0,0,,25,12,0,20,,No,0,18,0,,0,0,,,8,,,,,0,0,-1,-1,,
PIC16CR56A,,1,0,0,0,,25,12,,20,,No,0,18,0,,0,0,,,8,,,,,0,0,-1,-1,,
PIC16CR57A,,2,0,0,0,,72,20,0,20,0,No,0,28,0,,0,0,,,8,,,,,0,0,-1,-1,,
PIC16CR57B,,2,,0,0,,72,20,0,20,,No,0,28,0,,0,0,,,8,,,,,0,0,-1,-1,,
PIC16CR57C,,2,,0,0,,72,20,5,20,,No,0,28,0,,0,0,,,8,,,,,0,0,-1,-1,,
PIC16CR58A,,2,,0,0,,73,12,0,20,,No,0,18,0,,0,0,,,8,,,,,0,0,-1,-1,,
PIC16CR58B,,2,0,0,0,,73,12,,20,,No,0,18,0,,0,0,,,8,,,,,0,0,-1,-1,,
PIC16CR62,,2,,0,0,,128,22,0,20,,No,0,28,0,,0,0,,,8,,,,,0,0,-1,-1,,
PIC16CR620A,,0.5,0,0,0,,96,13,,20,,No,0,18,0,,0,0,,,8,,,,,0,0,-1,-1,,
PIC16CR63,,4,0,0,0,,192,22,0,20,,No,1,28,0,,0,0,,,8,,,,,0,0,-1,-1,,
PIC16CR64,,2,0,0,0,,128,33,0,20,0,No,0,40,0,,0,0,,,8,,,,,0,0,-1,-1,,
PIC16CR65,,4,0,0,0,,192,33,0,20,,PSP,1,40,0,,0,0,,,8,,,,,0,0,-1,-1,,
PIC16CR72,,2,0,0,0,,128,22,5,20,,No,0,28,0,,0,0,,,8,,,,,0,0,-1,-1,,
PIC16CR73,,4,0,0,0,,192,22,5,20,,No,1,28,0,,0,0,,,8,,,,,0,0,-1,-1,,
PIC16CR74,,4,0,0,0,,192,33,8,20,,No,1,40,0,,0,0,,,8,,,,,0,0,-1,-1,,
PIC16CR76,,8,0,0,0,,368,22,5,20,0,PSP,1,28,0,,0,0,,,8,,,,,0,0,-1,-1,,
PIC16CR77,,8,0,0,0,,368,33,8,20,0,PSP,1,40,0,,0,0,,,8,,,,,0,0,-1,-1,,
PIC16CR83,,0.5,,0,0,,36,13,0,10,,No,0,18,0,,0,0,,,8,,,,,0,0,-1,-1,,
PIC16CR84,,1,,0,0,,68,13,0,10,,No,0,18,0,,0,0,,,8,,,,,0,0,-1,-1,,
PIC16CR926,,-1,,0,0,,,,,,,,0,,0,,0,0,,,16,32768,4,,,0,0,-1,-1,,
PIC16F1454,,8,0,128,0,32,1024,12,0,48,48,No,1,14,0,,0,0,,,16,32768,4,70:7F,,0,0,32,32,,
PIC16F1455,,8,0,128,0,32,1024,12,5,48,48,No,1,14,0,,0,0,,,16,32768,4,70:7F,,0,0,32,32,,
PIC16F1458,,4,0,128,0,32,512,18,9,48,16,No,1,20,0,,0,0,,,16,32768,4,,,0,0,-1,-1,,
PIC16F1459,,8,0,128,0,32,1024,18,9,48,48,No,1,20,0,,0,0,,,16,32768,4,70:7F,,0,0,32,32,,
PIC16F1503,,2,0,128,0,16,128,12,8,20,16,No,0,14,0,,0,0,2,,16,32768,4,70:7F,,0,0,16,16,,
PIC16F1507,,2,0,128,0,16,128,18,12,20,16,No,0,20,0,,0,0,2,,16,32768,4,70:7F,,0,0,16,16,,
PIC16F1508,,4,0,128,0,32,256,18,12,20,16,No,1,20,0,,0,0,2,,16,32768,4,70:7F,,0,0,32,32,,
PIC16F1509,,8,0,128,0,32,512,18,12,20,16,No,1,20,0,,0,0,2,,16,32768,4,70:7F,,0,0,32,32,,
PIC16F1512,,2,0,128,0,32,128,25,17,20,16,No,1,28,0,,0,0,2,,16,32768,4,70:7F,,0,0,32,32,,
PIC16F1513,,4,0,128,0,32,256,25,17,20,16,No,1,28,0,,0,0,2,,16,32768,4,70:7F,,0,0,32,32,,
PIC16F1516,,8,0,128,0,32,512,25,17,20,16,No,1,28,0,,0,0,2,,16,32768,4,70:7F,,0,0,32,32,,
PIC16F1517,,8,0,128,0,32,512,36,28,20,16,No,1,40,0,,0,0,2,,16,32768,4,70:7F,,0,0,32,32,,
PIC16F1518,,16,0,128,0,32,1024,25,17,20,16,No,1,28,0,,0,0,2,,16,32768,4,70:7F,,0,0,32,32,,
PIC16F1519,,16,0,128,0,32,1024,36,28,20,16,No,1,40,0,,0,0,2,,16,32768,4,70:7F,,0,0,32,32,,
PIC16F1526,,8,0,128,0,32,768,55,30,20,16,No,1,64,0,,0,0,2,,16,32768,4,70:7F,,0,0,32,32,,
PIC16F1527,,16,0,128,0,32,1536,55,30,20,16,No,1,64,0,,0,0,2,,16,32768,4,70:7F,,0,0,32,32,,
PIC16F15313,,2,0,0,128,32,256,6,5,32,32,No,1,8,0,,0,0,,,16,32768,4,70:7F,,0,0,32,32,,
PIC16F15323,,2,0,0,128,32,256,12,11,32,32,No,1,14,0,,0,0,,,16,32768,4,70:7F,,0,0,32,32,,
PIC16F15324,,4,0,0,128,32,512,12,11,32,32,No,1,14,0,,0,0,,,16,32768,4,70:7F,,0,0,32,32,,
PIC16F15325,,8,0,0,128,32,1024,12,11,32,32,No,1,14,0,,0,0,,,16,32768,4,70:7F,LFINT|OSCCON1|80,0,0,32,32,,
PIC16F15344,,4,0,0,128,32,512,18,17,32,32,No,1,20,0,,0,0,,,16,32768,4,70:7F,,0,0,32,32,,
PIC16F15345,,8,0,0,128,32,1024,18,17,32,32,No,1,20,0,,0,0,,,16,32768,4,70:7F,LFINT|OSCCON1|80,0,0,32,32,,
PIC16F15354,,4,0,0,128,32,512,25,24,32,32,No,1,28,0,,0,0,,,16,32768,4,70:7F,LFINT|OSCCON1|80,0,0,32,32,,
PIC16F15355,,8,0,0,128,32,1024,25,24,32,32,No,1,28,0,,0,0,,,16,32768,4,70:7F,LFINT|OSCCON1|80,0,0,32,32,,
PIC16F15356,,16,0,0,128,32,2048,25,24,32,32,No,1,28,0,,0,0,,,16,32768,4,70:7F,LFINT|OSCCON1|80,0,0,32,32,,
PIC16F15375,,8,0,0,128,32,1024,36,35,32,32,No,1,40,0,,0,0,,,16,32768,4,70:7F,LFINT|OSCCON1|80,0,0,32,32,,
PIC16F15376,,16,0,0,128,32,2048,36,35,32,32,No,1,40,0,,0,0,,,16,32768,4,70:7F,LFINT|OSCCON1|80,0,0,32,32,,
PIC16F15385,,8,0,0,128,32,1024,44,43,32,32,No,1,48,0,,0,0,,,16,32768,4,70:7F,IntOsc|OSCCON|0,0,0,32,32,,
PIC16F15386,,16,0,0,128,32,2048,44,43,32,32,No,1,48,0,,0,0,,,16,32768,4,70:7F,IntOsc|OSCCON|0,0,0,32,32,,
PIC16F1574,,4,,128,0,32,512,12,8,32,32,No,1,14,0,PWM16Type=1,0,0,,,16,32768,4,70:7F,,0,0,32,32,,
PIC16F1575,,8,,128,0,32,1024,12,8,32,32,No,1,14,0,PWM16Type=1,0,0,,,16,32768,4,70:7F,,0,0,32,32,,
PIC16F1578,,4,,128,0,32,512,18,12,32,32,No,1,20,0,PWM16Type=1,0,0,,,16,32768,4,70:7F,,0,0,32,32,,
PIC16F1579,,8,,128,0,32,1024,18,12,32,32,No,1,20,0,PWM16Type=1,0,0,,,16,32768,4,70:7F,,0,0,32,32,,
PIC16F1613,,2,0,128,0,16,256,12,8,32,32,No,0,14,0,,1,0,,,16,32768,4,70:7F,,0,0,16,16,,
PIC16F1614,,4,0,128,0,32,512,12,8,32,32,No,1,14,1,,2,0,,,16,32768,4,70:7F,,0,0,32,32,,
PIC16F1615,,8,0,128,0,32,1024,12,8,32,32,No,1,14,1,,2,0,,,16,32768,4,70:7F,,0,0,32,32,,
PIC16F1618,,4,0,128,0,32,512,18,12,32,32,No,1,20,1,,2,0,,,16,32768,4,70:7F,,0,0,32,32,,
PIC16F1619,,8,0,128,0,32,1024,18,12,32,32,No,1,20,1,,2,0,,,16,32768,4,70:7F,,0,0,32,32,,
PIC16F1703,,2,0,128,0,16,256,12,8,32,32,No,0,14,0,,0,0,,,16,32768,4,70:7F,,0,0,32,32,,
PIC16F1704,,4,,128,0,32,512,12,8,32,32,No,1,14,1,,0,0,,,16,32768,4,70:7F,,0,0,32,32,,
PIC16F1705,,8,0,128,0,32,1024,12,8,32,32,No,1,14,1,,0,0,,,16,32768,4,70:7F,,0,0,32,32,,
PIC16F1707,,2,0,128,0,16,256,18,8,32,32,No,0,20,0,,0,0,,,16,32768,4,70:7F,,0,0,32,32,,
PIC16F1708,,4,0,128,0,32,512,18,12,32,32,No,1,20,1,,0,0,,,16,32768,4,70:7F,,0,0,32,32,,
PIC16F1709,,8,0,128,0,32,1024,18,12,32,32,No,1,20,1,,0,0,,,16,32768,4,70:7F,,0,0,32,32,,
PIC16F1713,,4,0,128,0,32,512,25,17,32,32,No,1,28,1,,0,0,,,16,32768,4,70:7F,,0,0,32,32,,
PIC16F1716,,8,0,128,0,32,1024,25,17,32,32,No,1,28,1,,0,0,,,16,32768,4,70:7F,,0,0,32,32,,
PIC16F1717,,8,0,128,0,32,1024,36,28,32,32,No,1,40,1,,0,0,,,16,32768,4,70:7F,,0,0,32,32,,
PIC16F1718,,16,0,128,0,32,2048,25,17,32,32,No,1,28,1,,0,0,,,16,32768,4,70:7F,,0,0,32,32,,
PIC16F1719,,16,0,128,0,32,2048,36,28,32,32,No,1,40,1,,0,0,,,16,32768,4,70:7F,,0,0,32,32,,
PIC16F1764,,4,0,128,0,32,512,12,8,32,32,No,1,14,1,PWM16Type=1,0,0,,,16,32768,4,70:7F,,0,0,32,32,,
PIC16F1765,,8,0,128,0,32,1024,12,8,32,32,No,1,14,1,PWM16Type=1,0,0,,,16,32768,4,70:7F,,0,0,32,32,,
PIC16F1768,,4,0,128,0,32,512,18,12,32,32,No,1,20,1,PWM16Type=1,0,0,,,16,32768,4,70:7F,,0,0,32,32,,
PIC16F1769,,8,0,128,0,32,1024,18,12,32,32,No,1,20,1,PWM16Type=1,0,0,,,16,32768,4,70:7F,,0,0,32,32,,
PIC16F1773,,4,,128,0,32,512,26,17,32,32,No,1,28,1,PWM16Type=1,0,0,,,16,32768,4,70:7F,,0,0,32,32,,
PIC16F1776,,8,,128,0,32,1024,26,17,32,32,No,1,28,1,PWM16Type=1,0,0,,,16,32768,4,70:7F,,0,0,32,32,,
PIC16F1777,,8,,128,0,32,1024,38,28,32,32,No,1,40,1,PWM16Type=1,0,0,,,16,32768,4,70:7F,,0,0,32,32,,
PIC16F1778,,16,,128,0,32,2048,26,17,32,32,No,1,28,1,PWM16Type=1,0,0,,,16,32768,4,70:7F,,0,0,32,32,,
PIC16F1779,,16,,128,0,32,2048,26,28,32,32,No,1,28,1,PWM16Type=1,0,0,,,16,32768,4,70:7F,,0,0,32,32,,
PIC16F1782,,2,256,0,0,,256,25,11,32,32,No,1,28,0,,0,0,,,16,32768,4,70:7F,,0,0,32,32,,
PIC16F1783,,4,256,0,0,,512,25,11,32,32,No,1,28,0,,0,0,,,16,32768,4,70:7F,,0,0,32,32,,
PIC16F1784,,4,256,0,0,,512,36,14,32,32,No,1,40,0,,0,0,,,16,32768,4,70:7F,,0,0,32,32,,
PIC16F1786,,8,256,0,0,,1024,25,11,32,32,No,1,28,0,,0,0,,,16,32768,4,70:7F,,0,0,32,32,,
PIC16F1787,,8,256,0,0,,1024,36,14,32,32,No,1,40,0,,0,0,,,16,32768,4,70:7F,,0,0,32,32,,
PIC16F1788,,16,256,0,0,,2048,25,11,32,32,No,1,28,0,,0,0,,,16,32768,4,70:7F,,0,0,32,32,,
PIC16F1789,,16,256,0,0,,2048,36,14,32,32,No,1,40,0,,0,0,,,16,32768,4,70:7F,,0,0,32,32,,
PIC16F1823,,2,256,0,0,,128,12,8,32,32,No,1,14,0,,0,0,,,16,32768,4,70:7F,IntOsc|OSCCON|0,0,0,16,16,,
PIC16F1824,,4,256,0,0,,256,12,8,32,32,No,1,14,0,,0,0,,,16,32768,4,70:7F,IntOsc|OSCCON|0,0,0,32,32,,
PIC16F1825,,8,256,0,0,,1024,12,8,32,32,No,1,14,0,,0,0,,,16,32768,4,70:7F,IntOsc|OSCCON|0,0,0,32,32,,
PIC16F1826,,2,256,0,0,,256,16,12,32,32,No,1,18,0,,0,0,,,16,32768,4,70:7F,IntOsc|OSCCON|0,0,0,8,32,,
PIC16F1827,,4,256,0,0,,384,16,12,32,32,No,1,18,0,,0,0,,,16,32768,4,70:7F,IntOsc|OSCCON|0,0,0,8,32,,
PIC16F1828,,4,256,0,0,,256,18,12,32,32,No,1,20,0,,0,0,,,16,32768,4,70:7F,IntOsc|OSCCON|0,0,0,32,32,,
PIC16F1829,,8,256,0,0,,1024,18,12,32,32,No,1,20,0,,0,0,,,16,32768,4,70:7F,IntOsc|OSCCON|0,0,0,32,32,,
PIC16F1829LIN,,8,256,0,0,,1024,12,9,32,32,No,1,20,0,,0,0,,,16,32768,4,70:7F,,0,0,-1,-1,,
PIC16F18313,,2,256,0,0,,256,6,5,32,32,No,1,8,0,,0,0,,,16,32768,4,70:7F,LFINT|OSCCON1|64,0,0,32,32,,
PIC16F18323,,2,256,0,0,,256,12,11,32,32,No,1,14,0,,0,0,,,16,32768,4,70:7F,LFINT|OSCCON1|64,0,0,32,32,,
PIC16F18324,,4,256,0,0,,512,12,11,32,32,No,1,14,0,,0,0,,,16,32768,4,70:7F,LFINT|OSCCON1|64,0,0,32,32,,
PIC16F18325,,8,256,0,0,,1024,12,11,32,32,No,1,14,0,,0,0,,,16,32768,4,70:7F,LFINT|OSCCON1|64,0,0,32,32,,
PIC16F18326,,16,256,0,0,,2048,12,15,32,32,No,1,14,0,,0,0,,,16,32768,4,70:7F,LFINT|OSCCON1|64,0,0,32,32,,
PIC16F18344,,4,256,0,0,,512,18,17,32,32,No,1,20,0,,0,0,,,16,32768,4,70:7F,LFINT|OSCCON1|64,0,0,32,32,,
PIC16F18345,,8,256,0,0,,1024,18,17,32,32,No,1,20,0,,0,0,,,16,32768,4,70:7F,LFINT|OSCCON1|64,0,0,32,32,,
PIC16F18346,,16,256,0,0,,2048,18,21,32,32,No,1,20,0,,0,0,,,16,32768,4,70:7F,LFINT|OSCCON1|64,0,0,32,32,,
PIC16F18424,,4,256,0,0,,512,12,11,32,32,No,1,14,0,,3,0,,4,16,32768,4,70:7F,LFINT|OSCCON1|80,0,0,32,32,,
PIC16F18425,,8,256,0,0,,1024,12,11,32,32,No,1,14,0,,3,0,,4,16,32768,4,70:7F,LFINT|OSCCON1|80,0,0,32,32,,
PIC16F18426,,16,256,0,0,,2048,12,11,32,32,No,1,14,0,,3,0,,4,16,32768,4,70:7F,LFINT|OSCCON1|80,0,0,32,32,,
PIC16F18444,,4,256,0,0,,512,18,17,32,32,No,1,20,0,,3,0,,4,16,32768,4,70:7F,LFINT|OSCCON1|80,0,0,32,32,,
PIC16F18445,,8,256,0,0,,1024,18,17,32,32,No,1,20,0,,3,0,,4,16,32768,4,70:7F,LFINT|OSCCON1|80,0,0,32,32,,
PIC16F18446,,16,256,0,0,,2048,18,17,32,32,No,1,20,0,,3,0,,4,16,32768,4,70:7F,LFINT|OSCCON1|80,0,0,32,32,,
PIC16F18455,,8,256,0,0,,1024,18,17,32,32,No,1,20,0,,3,0,,4,16,32768,4,70:7F,LFINT|OSCCON1|80,0,0,32,32,,
PIC16F18456,,16,256,0,0,,2048,18,17,32,32,No,1,20,0,,3,0,,4,16,32768,4,70:7F,LFINT|OSCCON1|80,0,0,32,32,,
PIC16F1847,,8,256,0,0,,1024,16,12,32,32,No,1,18,0,,0,0,,,16,32768,4,70:7F,,0,0,32,32,,
PIC16F18854,,4,256,0,0,,512,25,24,32,32,No,1,28,2,,3,0,,,16,32768,4,70:7F,LFINT|OSCCON1|80,0,0,32,32,,
PIC16F18855,,8,256,0,0,,1024,25,24,32,32,No,1,28,2,,3,0,,,16,32768,4,70:7F,LFINT|OSCCON1|80,0,0,32,32,,
PIC16F18856,,16,256,0,0,,2048,25,24,32,32,No,1,28,2,,3,0,,,16,32768,4,70:7F,LFINT|OSCCON1|80,0,0,32,32,,
PIC16F18857,,32,256,0,0,,4096,25,24,32,32,No,1,28,2,,3,0,,,16,32768,4,70:7F,LFINT|OSCCON1|80,0,0,32,32,,
PIC16F18875,,8,256,0,0,,1024,36,24,32,32,No,1,40,2,,3,0,,,16,32768,4,70:7F,LFINT|OSCCON1|80,0,0,32,32,,
PIC16F18876,,16,256,0,0,,2048,36,24,32,32,No,1,40,2,,3,0,,,16,32768,4,70:7F,LFINT|OSCCON1|80,0,0,32,32,,
PIC16F18877,,32,256,0,0,,4096,36,24,32,32,No,1,40,2,,3,0,,,16,32768,4,70:7F,LFINT|OSCCON1|80,0,0,32,32,,
PIC16F19155,,8,256,0,128,32,1024,24,20,32,32,No,1,28,2,,0,0,,4,16,32768,4,70:7F,LFINT|OSCCON1|80,0,0,32,32,,
PIC16F19156,,16,256,0,128,32,2048,24,20,32,32,No,1,28,2,,0,0,,4,16,32768,4,70:7F,LFINT|OSCCON1|80,0,0,32,32,,
PIC16F19175,,8,256,0,128,32,1024,35,31,32,32,No,1,40,2,,0,0,,4,16,32768,4,70:7F,LFINT|OSCCON1|80,0,0,32,32,,
PIC16F19176,,16,256,0,128,32,2048,35,31,32,32,No,1,40,2,,0,0,,4,16,32768,4,70:7F,LFINT|OSCCON1|80,0,0,32,32,,
PIC16F19185,,8,256,0,128,32,1024,43,39,32,32,No,1,48,2,,0,0,,4,16,32768,4,70:7F,LFINT|OSCCON1|80,0,0,32,32,,
PIC16F19186,,16,256,0,128,32,2048,43,39,32,32,No,1,48,2,,0,0,,4,16,32768,4,70:7F,LFINT|OSCCON1|80,0,0,32,32,,
PIC16F19195,,8,256,0,128,32,1024,59,45,32,32,No,1,64,2,,3,0,,4,16,32768,4,70:7F,LFINT|OSCCON1|80,0,0,64,64,,
PIC16F19196,,16,256,0,128,32,2048,59,45,32,32,No,1,64,2,,3,0,,4,16,32768,4,70:7F,LFINT|OSCCON1|80,0,0,64,64,,
PIC16F19197,,32,256,0,128,32,4096,59,45,32,32,No,0,64,2,,3,0,,4,16,32768,4,70:7F,LFINT|OSCCON1|80,0,0,64,64,,
PIC16F1933,,4,256,0,0,,256,25,11,32,32,No,1,28,0,,0,0,,,16,32768,4,70:7F,,0,0,8,32,,
PIC16F1934,,4,256,0,0,,256,36,14,32,32,No,1,40,0,,0,0,,,16,32768,4,70:7F,,0,0,8,32,,
PIC16F1936,,8,256,0,0,,512,25,11,32,32,No,1,28,0,,0,0,,,16,32768,4,70:7F,,0,0,8,32,,
PIC16F1937,,8,256,0,0,,512,36,14,32,32,No,1,40,0,,0,0,,,16,32768,4,70:7F,,0,0,8,32,,
PIC16F1938,,16,256,0,0,,1024,25,11,32,32,No,1,28,0,,0,0,,,16,32768,4,70:7F,,0,0,32,32,,
PIC16F1939,,16,256,0,0,,1024,36,14,32,32,No,1,40,0,,0,0,,,16,32768,4,70:7F,,0,0,32,32,,
PIC16F1946,,8,256,0,0,,512,53,17,32,32,No,1,64,0,,0,0,,,16,32768,4,70:7F,,0,0,32,32,,
PIC16F1947,,16,256,0,0,,1024,53,17,32,32,No,1,64,0,,0,0,,,16,32768,4,70:7F,,0,0,32,32,,
PIC16F505,,1,0,0,0,,72,12,0,20,4,No,0,14,0,,0,0,,,2,1024,4,8:F,,0,0,-1,-1,,
PIC16F506,,1,0,0,0,,67,12,3,20,8,No,0,14,0,,0,0,,,2,1024,4,0D:0F,,0,0,-1,-1,,
PIC16F526,,1,64,0,0,,67,12,3,20,8,No,0,14,0,,0,0,,,2,1088,4,D:F,,0,0,-1,-1,,
PIC16F527,,1,64,0,0,,68,17,8,20,8,No,0,20,0,,0,0,,,4,,,,,0,0,-1,-1,,
PIC16F54,,0.5,0,0,0,,25,12,0,20,0,No,0,18,0,,0,0,,,2,512,4,7:1F,,0,0,-1,-1,,
PIC16F57,,2,0,0,0,,72,20,0,20,0,No,0,28,0,,0,0,,,2,2048,4,8:F,,0,0,-1,-1,,
PIC16F570,,2,132,0,0,,64,24,8,20,8,No,0,28,0,,0,0,,,4,,,,,0,0,-1,-1,,
PIC16F59,,2,0,0,0,,134,32,0,20,0,No,0,40,0,,0,0,,,2,2048,4,A:F,,0,0,-1,-1,,
PIC16F610,,1,0,0,0,,64,12,0,20,8,No,0,14,0,,0,0,,,8,8192,4,20:5F,,0,0,-1,-1,,
PIC16F616,,2,0,0,0,,128,12,8,20,8,No,0,14,0,,0,0,,,8,8192,4,70:7F,,0,0,-1,-1,,
PIC16F627,,1,128,0,0,,224,15,0,20,4,No,1,18,0,,0,0,,,8,8192,4,70:7F,,0,0,-1,-1,,
PIC16F627A,,1,128,0,0,,224,16,0,20,4,No,1,18,0,,0,0,,,8,8192,4,70:7F,,0,0,-1,-1,,
PIC16F628,,2,128,0,0,,224,15,0,20,4,No,1,18,0,,0,0,,,8,8192,4,70:7F,,0,0,-1,-1,,
PIC16F628A,,2,128,0,0,,224,16,0,20,4,No,1,18,0,,0,0,,,8,8192,4,70:7F,,0,0,-1,-1,,
PIC16F630,,1,128,0,0,,64,12,0,20,4,No,0,14,0,,0,0,,,8,8192,4,20:5F,,0,0,-1,-1,,
PIC16F631,,1,128,0,0,,64,18,0,20,8,No,0,20,0,,0,0,,,8,8192,4,70:7F,,0,0,-1,-1,,
PIC16F636,,2,256,0,0,,128,12,0,20,8,No,0,14,0,,0,0,,,8,8192,4,70:7F,,0,0,-1,-1,,
PIC16F639,,2,256,0,0,,128,12,0,20,8,No,0,20,0,,0,0,,,8,8192,4,70:7F,,0,0,-1,-1,,
PIC16F648A,,4,256,0,0,,256,16,0,20,4,No,1,18,0,,0,0,,,8,8192,4,70:7F,,0,0,-1,-1,,
PIC16F676,,1,128,0,0,,64,12,8,20,4,No,0,14,0,,0,0,,,8,8192,4,20:5F,,0,0,-1,-1,,
PIC16F677,,2,256,0,0,,128,18,12,20,8,No,0,20,0,,0,0,,,8,8192,4,70:7F,,0,0,-1,-1,,
PIC16F684,,2,256,0,0,,128,12,8,20,8,No,0,14,0,,0,0,,,8,8192,4,70:7F,,0,0,-1,-1,,
PIC16F685,,4,256,0,0,,256,18,12,20,8,No,0,20,0,,0,0,,,8,8192,4,70:7F,,0,0,-1,-1,,
PIC16F687,,2,256,0,0,,128,18,12,20,8,No,1,20,0,,0,0,,,8,8192,4,70:7F,,0,0,-1,-1,,
PIC16F688,,4,256,0,0,,256,12,8,20,8,No,1,14,0,,0,0,,,8,8192,4,70:7F,,0,0,-1,-1,,
PIC16F689,,4,256,0,0,,256,18,12,20,8,No,1,20,0,,0,0,,,8,8192,4,70:7F,,0,0,-1,-1,,
PIC16F690,,4,256,0,0,,256,18,12,20,8,No,1,20,0,,0,0,,,8,8192,4,70:7F,,0,0,-1,-1,,
PIC16F707,,8,0,0,0,,368,36,14,20,16,No,1,40,0,,0,0,,,8,8192,4,70:7F,,0,0,-1,-1,,
PIC16F716,,2,0,0,0,,128,13,4,20,0,No,0,18,0,,0,0,,,8,8192,4,70:7F,,0,0,-1,-1,,
PIC16F72,,2,0,0,0,,128,22,5,20,0,No,0,28,0,,0,0,,,8,8192,4,40:7F,,0,0,-1,-1,,
PIC16F720,,2,0,0,0,,128,18,12,16,16,No,1,20,0,,0,0,,,8,8192,4,70:7F,,0,0,-1,-1,,
PIC16F721,,4,0,0,0,,256,18,12,16,16,No,1,20,0,,0,0,,,8,8192,4,70:7F,,0,0,-1,-1,,
PIC16F722,,2,0,0,0,,128,25,11,20,16,No,1,28,0,,0,0,,,8,8192,4,70:7F,,0,0,-1,-1,,
PIC16F722A,,2,0,0,0,,128,25,11,20,16,No,1,28,0,,0,0,,,8,8192,4,70:7F,,0,0,-1,-1,,
PIC16F723,,4,0,0,0,,192,25,11,20,16,No,1,28,0,,0,0,,,8,8192,4,70:7F,,0,0,-1,-1,,
PIC16F723A,,14,0,0,0,,192,25,11,20,16,No,1,28,0,,0,0,,,8,8192,4,70:7F,,0,0,-1,-1,,
PIC16F724,,4,0,0,0,,192,36,14,20,16,No,1,40,0,,0,0,,,8,8192,4,70:7F,,0,0,-1,-1,,
PIC16F726,,8,0,0,0,,368,25,11,20,16,No,1,28,0,,0,0,,,8,8192,4,70:7F,,0,0,-1,-1,,
PIC16F727,,8,0,0,0,,368,36,14,20,16,No,1,40,0,,0,0,,,8,8192,4,70:7F,,0,0,-1,-1,,
PIC16F73,,4,0,0,0,,192,22,5,20,0,No,1,28,0,,0,0,,,8,8192,4,7E:7F,,0,0,-1,-1,,
PIC16F737,,4,0,0,0,,368,25,11,20,8,No,1,28,0,,0,0,,,8,8192,4,70:7F,,0,0,-1,-1,,
PIC16F74,,4,0,0,0,,192,33,8,20,,PSP,1,40,0,,0,0,,,8,8192,4,7E:7F,,0,0,-1,-1,,
PIC16F747,,4,0,0,0,,368,36,14,20,8,PSP,1,40,0,,0,0,,,8,8192,4,70:7F,,0,0,-1,-1,,
PIC16F753,,2,0,0,0,,128,11,8,20,8,No,0,14,0,,0,0,,,8,8192,4,70:7F,,0,0,4,16,,
PIC16F76,,8,0,0,0,,368,22,5,20,0,No,1,28,0,,0,0,,,8,8192,4,70:7F,,0,0,-1,-1,,
PIC16F767,,8,0,0,0,,368,25,11,20,8,No,1,28,0,,0,0,,,8,8192,4,70:7F,,0,0,-1,-1,,
PIC16F77,,8,0,0,0,,368,33,8,20,,PSP,1,40,0,,0,0,,,8,8192,4,70:7F,,0,0,-1,-1,,
PIC16F777,,8,0,0,0,,368,36,14,20,8,PSP,1,40,0,,0,0,,,8,8192,4,70:7F,,0,0,-1,-1,,
PIC16F785,,2,256,0,0,,128,18,12,20,8,No,0,20,0,,0,0,,,8,8192,4,70:7F,,0,0,-1,-1,,
PIC16F818,,1,128,0,0,,128,16,5,20,8,No,0,18,0,,0,0,,,8,8192,4,40:7F,,0,0,-1,-1,,
PIC16F819,,2,256,0,0,,256,16,5,20,8,No,0,18,0,,0,0,,,8,8192,4,70:7F,,0,0,-1,-1,,
PIC16F83,,0.5,,0,0,,36,13,0,10,,No,0,18,0,,0,0,,,8,8192,4,C:2F,,0,0,-1,-1,,
PIC16F84,,1,64,0,0,,68,13,0,10,,No,0,18,0,,0,0,,,8,8192,4,C:4F,,0,0,-1,-1,,
PIC16F84A,,1,64,0,0,,68,13,0,20,0,No,0,18,0,,0,0,,,8,8192,4,C:4F,,0,0,-1,-1,,
PIC16F87,,4,256,0,0,,368,16,0,20,8,No,1,18,0,,0,0,,,8,8192,4,70:7F,,0,0,-1,-1,,
PIC16F870,,2,64,0,0,,128,22,5,20,0,PSP,1,28,0,,0,0,,,8,8192,4,70:7F,,0,0,-1,-1,,
PIC16F871,,2,64,0,0,,128,33,8,20,0,PSP,1,40,0,,0,0,,,8,8192,4,70:7F,,0,0,-1,-1,,
PIC16F872,,2,64,0,0,,128,22,5,20,0,No,0,28,0,,0,0,,,8,8192,4,70:7F,,0,0,-1,-1,,
PIC16F873,,4,128,0,0,,192,22,5,20,,No,1,28,0,,0,0,,,8,8192,4,7E:7F,,0,0,-1,-1,,
PIC16F873A,,4,128,0,0,,192,22,5,20,0,No,1,28,0,,0,0,,,8,8192,4,7E:7F,,0,0,-1,-1,,
PIC16F874,,4,128,0,0,,192,33,8,20,,PSP,1,40,0,,0,0,,,8,8192,4,7E:7F,,0,0,-1,-1,,
PIC16F874A,,4,128,0,0,,192,33,8,20,0,PSP,1,40,0,,0,0,,,8,8192,4,7E:7F,,0,0,-1,-1,,
PIC16F876,,8,256,0,0,,368,22,5,20,,No,1,28,0,,0,0,,,8,8192,4,70:7F,,0,0,-1,-1,,
PIC16F876A,,8,256,0,0,,368,22,5,20,0,No,1,28,0,,0,0,,,8,8192,4,70:7F,,0,0,-1,-1,,
PIC16F877,,8,256,0,0,,368,33,8,20,,PSP,1,40,0,,0,0,,,8,8192,4,70:7F,,0,0,-1,-1,,
PIC16F877A,,8,256,0,0,,368,33,8,20,0,PSP,1,40,0,,0,0,,,8,8192,4,70:7F,,0,0,-1,-1,,
PIC16F88,,4,256,0,0,,368,16,7,20,8,No,1,18,0,,0,0,,,8,8192,4,70:7F,,0,0,-1,-1,,
PIC16F882,,2,128,0,0,,128,25,11,20,8,No,1,28,0,,0,0,,,8,8192,4,70:7F,,0,0,-1,-1,,
PIC16F883,,4,256,0,0,,256,25,11,20,8,No,1,28,0,,0,0,,,8,8192,4,70:7F,,0,0,-1,-1,,
PIC16F884,,4,256,0,0,,256,36,14,20,8,No,1,40,0,,0,0,,,8,8192,4,70:7F,,0,0,-1,-1,,
PIC16F886,,8,256,0,0,,368,25,11,20,8,No,1,28,0,,0,0,,,8,8192,4,70:7F,,0,0,-1,-1,,
PIC16F887,,8,256,0,0,,368,36,14,20,8,No,1,40,0,,0,0,,,8,8192,4,70:7F,,0,0,-1,-1,,
PIC16F913,,4,256,0,0,,256,25,5,20,8,No,1,28,0,,0,0,,,8,8192,4,70:7F,,0,0,-1,-1,,
PIC16F914,,4,256,0,0,,256,36,8,20,8,No,1,40,0,,0,0,,,8,8192,4,70:7F,,0,0,-1,-1,,
PIC16F916,,8,256,0,0,,352,25,5,20,8,No,1,28,0,,0,0,,,8,8192,4,70:7F,,0,0,-1,-1,,
PIC16F917,,8,256,0,0,,352,36,8,20,8,No,1,40,0,,0,0,,,8,8192,4,70:7F,,0,0,-1,-1,,
PIC16F946,,8,256,0,0,,336,54,8,20,8,No,1,64,0,,0,0,,,8,8192,4,70:7F,,0,0,-1,-1,,
PIC16HV540,,0.5,0,0,0,,25,12,0,20,0,No,0,18,0,,0,0,,,4,,,,,0,0,-1,-1,,
PIC16HV610,,1,0,0,0,,72,12,,20,8,No,0,14,0,,0,0,,,8,8192,4,70:7F,,0,0,-1,-1,,
PIC16HV616,,2,0,0,0,,128,12,8,20,8,No,0,14,0,,0,0,,,8,8192,4,70:7F,,0,0,-1,-1,,
PIC16HV753,,2,0,0,0,,128,11,8,20,8,No,0,14,0,,0,0,,,8,8192,4,70:7F,,0,0,4,16,,
PIC16HV785,,2,256,0,0,,128,18,12,20,8,No,0,20,0,,0,0,,,8,8192,4,70:7F,,0,0,-1,-1,,
PIC16LC74,,4,,0,0,,192,33,8,16,,No,0,40,0,,0,0,,,8,,,,,0,0,-1,-1,,
PIC16LF15313,,2,0,0,128,32,256,6,5,32,32,No,1,8,0,,0,0,,,16,32768,4,70:7F,,0,0,32,32,,
PIC16LF15323,,2,0,0,128,32,256,12,11,32,32,No,1,14,0,,0,0,,,16,32768,4,70:7F,,0,0,32,32,,
PIC16LF15324,,4,0,0,128,32,512,12,11,32,32,No,1,14,0,,0,0,,,16,32768,4,70:7F,,0,0,32,32,,
PIC16LF1554,,4,0,128,0,32,256,12,11,32,32,No,1,14,0,,0,0,,,16,32768,4,70:7F,,0,0,32,32,,
PIC16LF1559,,8,,128,0,32,512,18,17,32,32,No,1,20,0,,0,0,,,16,32768,4,70:7F,,0,0,32,32,,
PIC16LF1566,,8,0,128,0,32,1024,25,23,32,32,No,1,28,0,,0,0,,,16,32768,4,70:7F,,0,0,32,32,,
PIC16LF1567,,8,0,128,0,32,1024,36,23,32,32,No,1,40,0,,0,0,,,16,32768,4,70:7F,,0,0,32,32,,
PIC16LF1824T39A,,4,256,0,0,,256,12,8,32,32,No,1,14,0,,0,0,,,16,32768,4,70:7F,,0,0,-1,-1,,
PIC16LF18424,,4,256,0,0,,512,12,11,32,32,No,1,14,0,,3,0,,4,16,32768,4,70:7F,LFINT|OSCCON1|80,0,0,32,32,,
PIC16LF18425,,8,256,0,0,,1024,12,11,32,32,No,1,14,0,,3,0,,4,16,32768,4,70:7F,LFINT|OSCCON1|80,0,0,32,32,,
PIC16LF18426,,16,256,0,0,,2048,12,11,32,32,No,1,14,0,,3,0,,4,16,32768,4,70:7F,LFINT|OSCCON1|80,0,0,32,32,,
PIC16LF18444,,4,256,0,0,,512,18,17,32,32,No,1,20,0,,3,0,,4,16,32768,4,70:7F,LFINT|OSCCON1|80,0,0,32,32,,
PIC16LF18445,,8,256,0,0,,1024,18,17,32,32,No,1,20,0,,3,0,,4,16,32768,4,70:7F,LFINT|OSCCON1|80,0,0,32,32,,
PIC16LF18455,,8,256,0,0,,1024,18,17,32,32,No,1,20,0,,3,0,,4,16,32768,4,70:7F,LFINT|OSCCON1|80,0,0,32,32,,
PIC16LF18456,,16,256,0,0,,2048,18,17,32,32,No,1,20,0,,3,0,,4,16,32768,4,70:7F,LFINT|OSCCON1|80,0,0,32,32,,
PIC16LF18877,,32,256,0,0,,4096,36,24,32,32,No,1,40,2,,3,0,,,16,32768,4,70:7F,LFINT|OSCCON1|80,0,0,32,32,,
PIC16LF1902,,2,0,128,0,32,128,25,11,20,16,No,0,28,0,,0,0,,,16,32768,4,70:7F,,0,0,32,32,,
PIC16LF1903,,4,0,128,0,32,256,25,11,20,16,No,0,28,0,,0,0,,,16,32768,4,70:7F,,0,0,32,32,,
PIC16LF1904,,4,0,128,0,32,256,36,14,20,16,No,1,40,0,,0,0,,,16,32768,4,70:7F,,0,0,32,32,,
PIC16LF1906,,8,0,128,0,32,512,25,11,20,16,No,1,28,0,,0,0,,,16,32768,4,70:7F,,0,0,32,32,,
PIC16LF1907,,8,0,128,0,32,512,36,14,20,16,No,1,40,0,,0,0,,,16,32768,4,70:7F,,0,0,32,32,,
PIC16LF19155,,8,256,0,128,32,1024,24,20,32,32,No,1,28,2,,0,0,,4,16,32768,4,70:7F,LFINT|OSCCON1|80,0,0,32,32,,
PIC16LF19156,,16,256,0,128,32,2048,24,20,32,32,No,1,28,2,,0,0,,4,16,32768,4,70:7F,LFINT|OSCCON1|80,0,0,32,32,,
PIC16LF19175,,8,256,0,128,32,1024,35,31,32,32,No,1,40,2,,0,0,,4,16,32768,4,70:7F,LFINT|OSCCON1|80,0,0,32,32,,
PIC16LF19176,,16,256,0,128,32,2048,35,31,32,32,No,1,40,2,,0,0,,4,16,32768,4,70:7F,LFINT|OSCCON1|80,0,0,32,32,,
PIC16LF19185,,8,256,0,128,32,1024,43,39,32,32,No,1,48,2,,0,0,,4,16,32768,4,70:7F,LFINT|OSCCON1|80,0,0,32,32,,
PIC16LF19186,,16,256,0,128,32,2048,43,39,32,32,No,1,48,2,,0,0,,4,16,32768,4,70:7F,LFINT|OSCCON1|80,0,0,32,32,,
PIC16LF722,,2,0,0,0,,128,25,11,20,16,No,1,28,0,,0,0,,,8,8192,4,70:7F,,0,0,-1,-1,,
PIC16LF723,,4,0,0,0,,192,25,11,20,16,No,1,28,0,,0,0,,,8,8192,4,70:7F,,0,0,-1,-1,,
PIC16LF724,,4,0,0,0,,192,36,14,20,16,No,1,40,0,,0,0,,,8,8192,4,70:7F,,0,0,-1,-1,,
PIC16LF726,,8,0,0,0,,368,25,11,20,16,No,1,28,0,,0,0,,,8,8192,4,70:7F,,0,0,-1,-1,,
PIC16LF727,,8,0,0,0,,368,36,14,20,16,No,1,40,0,,0,0,,,8,8192,4,70:7F,,0,0,-1,-1,,
PIC18C242,,8,,0,0,,512,23,5,40,,No,1,28,0,,0,0,,,8,8192,4,,,0,0,-1,-1,,
PIC18C252,,16,,0,0,,1536,23,5,40,,No,1,28,0,,0,0,,,8,8192,4,,,0,0,-1,-1,,
PIC18C442,,8,,0,0,,512,34,8,40,,No,1,40,0,,0,0,,,8,8192,4,,,0,0,-1,-1,,
PIC18C452,,16,,0,0,,1536,34,8,40,,No,1,40,0,,0,0,,,8,8192,4,,,0,0,-1,-1,,
PIC18C458,,16,,0,0,,1536,34,8,40,,No,0,40,0,,0,0,,,8,8192,4,,,0,0,-1,-1,,
PIC18C601,,0,0,0,0,,1536,26,8,25,0,No,1,64,0,,0,0,,,8,8192,4,,,0,0,-1,-1,,
PIC18C658,,16,,0,0,,1536,52,12,40,,No,1,64,0,,0,0,,,8,8192,4,,,0,0,-1,-1,,
PIC18C801,,0,0,0,0,,1536,47,12,25,0,No,1,80,0,,0,0,,,8,8192,4,,,0,0,-1,-1,,
PIC18C858,,16,,0,0,,1536,68,16,40,,No,1,84,0,,0,0,,,8,8192,4,,,0,0,-1,-1,,
PIC18C958,,16,,0,0,,1536,84,16,40,,No,0,100,0,,0,0,,,8,8192,4,,,0,0,-1,-1,,
PIC18F1220,,2,256,0,0,,256,16,7,40,8,No,1,18,0,,0,0,,,31,2097152,8,0:7F|F80:FFF,,0,0,8,64,,
PIC18F1230,,2,128,0,0,,256,16,4,40,32,No,1,18,0,,0,0,,,31,2097152,8,0:7F|F80:FFF,,0,0,8,64,,
PIC18F1320,,4,256,0,0,,256,16,7,40,8,No,1,18,0,,0,0,,,31,2097152,8,0:7F|F80:FFF,,0,0,8,64,,
PIC18F1330,,4,128,0,0,,256,16,4,40,32,No,1,18,0,,0,0,,,31,2097152,8,0:7F|F80:FFF,,0,0,8,64,,
PIC18F13K22,,4,256,0,0,,256,18,12,64,64,No,1,20,0,,0,0,1,,31,2097152,8,0:5F|F60:FFF,,0,0,8,64,,
PIC18F13K50,,4,256,0,0,,512,15,9,48,32,No,1,20,0,,0,0,1,,31,2097152,8,0:5F|F60:FFF,INTOSCIO|OSCCON|2,0,0,8,64,,
PIC18F14K22,,8,256,0,0,,512,18,12,64,64,No,1,20,0,,0,0,1,,31,2097152,8,0:5F|F60:FFF,,0,0,16,64,,
PIC18F14K22LIN,,8,256,0,0,,512,18,12,64,64,No,1,20,0,,0,0,0,,31,2097152,8,,,0,0,-1,-1,,
PIC18F14K50,,8,256,0,0,,768,15,9,48,32,No,1,20,0,,0,0,1,,31,2097152,8,0:5F|F60:FFF,INTOSCIO|OSCCON|2,0,0,16,64,,
PIC18F2220,,2,256,0,0,,512,25,10,40,8,No,1,28,0,,0,0,,,31,2097152,8,0:7F|F80:FFF,,0,0,8,64,,
PIC18F2221,,2,256,0,0,,512,25,10,40,32,No,1,28,0,,0,0,,,31,2097152,8,0:7F|F80:FFF,,0,0,8,64,,
PIC18F2320,,4,256,0,0,,512,25,10,40,8,No,1,28,0,,0,0,,,31,2097152,8,0:7F|F80:FFF,,0,0,8,64,,
PIC18F2321,,4,256,0,0,,512,25,10,40,32,No,1,28,0,,0,0,,,31,2097152,8,0:7F|F80:FFF,,0,0,8,64,,
PIC18F2331,,4,256,0,0,,768,24,5,40,8,No,1,28,0,,0,0,,,31,2097152,8,0:5F|F60:FFF,,0,0,8,64,,
PIC18F23K20,,4,256,0,0,,512,25,10,64,64,No,1,28,0,,0,0,1,,31,2097152,8,0:5F|F60:FFF,,0,0,8,64,,
PIC18F23K22,,4,256,0,0,,512,25,17,64,64,No,1,28,0,,0,0,1,,31,2097152,8,0:5F|F60:FFF,,0,0,64,64,,
PIC18F2410,,8,0,0,0,,768,25,10,40,32,No,1,28,0,,0,0,,,31,2097152,8,0:7F|F80:FFF,,0,0,-1,-1,,
PIC18F242,,8,,0,0,,768,,5,40,,No,1,28,0,,0,0,,,31,2097152,8,0:7F|F80:FFF,,0,0,8,64,,
PIC18F2420,,8,256,0,0,,768,25,10,40,32,No,1,28,0,,0,0,,,31,2097152,8,0:7F|F80:FFF,,0,0,32,64,,
PIC18F2423,,8,256,0,0,,768,25,10,40,32,No,1,28,0,,0,0,,,31,2097152,8,0:7F|F80:FFF,,0,0,32,64,,
PIC18F2431,,8,256,0,0,,768,24,5,40,8,No,1,28,0,,0,0,,,31,2097152,8,0:5F|F60:FFF,,0,0,8,64,,
PIC18F2439,,6,,0,0,,384,,0,40,,No,1,28,0,,0,0,,,31,2097152,8,0:7F|F80:FFF,,0,0,-1,-1,,
PIC18F2450,,8,0,0,0,,768,23,10,48,0.032,No,1,28,0,,0,0,,,31,2097152,8,0:5F|F60:FFF,,0,0,16,64,,
PIC18F2455,,12,256,0,0,,2048,24,10,48,8,No,1,28,0,,0,0,,,31,2097152,8,0:5F|F60:FFF,,0,0,32,64,,
PIC18F2458,,12,256,0,0,,2048,24,10,48,8,No,1,28,0,,0,0,,,31,2097152,8,0:5F|F60:FFF,,0,0,32,64,,
PIC18F248,,8,,0,0,,768,,5,40,,No,1,28,0,,0,0,,,31,2097152,8,0:5F|F60:FFF,,0,0,8,64,,
PIC18F2480,,8,256,0,0,,768,25,8,40,8,No,1,28,0,,0,0,,,31,2097152,8,0:5F|F60:FFF,,0,0,32,64,,
PIC18F24J10,,8,0,0,0,,1024,21,10,40,0.032,No,1,28,0,,0,16376,,,31,2097152,8,0:7F|F80:FFF,,0,0,-1,-1,,
PIC18F24J11,,8,0,0,0,,3776,21,10,48,32,No,1,28,0,,0,16376,,,31,2097152,8,0:5F|F60:FFF,,0,0,-1,-1,,
PIC18F24J50,,8,0,0,0,,3776,22,10,48,32,No,1,28,0,,0,16376,,,31,2097152,8,0:5F|F60:FFF,,0,0,-1,-1,,
PIC18F24K20,,8,256,0,0,,768,25,10,64,64,No,1,28,0,,0,0,1,,31,2097152,8,0:5F|F60:FFF,,0,0,32,64,,
PIC18F24K22,,8,256,0,0,,768,25,17,64,64,No,1,28,0,,0,0,1,,31,2097152,8,0:5F|F60:FFF,,0,0,64,64,,
PIC18F24K40,16104,8,256,0,0,,1024,25,24,64,64,No,1,28,2,,0,0,1,,31,2097152,16,0:5F|F60:FFF,LFINTOSC|OSCCON1|80,0,0,64,64,,
PIC18F24K42,16103,8,256,0,128,32,1024,25,24,64,64,No,1,28,2,,3,0,,4,31,2097152,16,0:5F|3F60:3FFF,LFINTOSC|OSCCON1|80,0,0,64,64,,
PIC18F24K50,,8,256,0,0,,2048,25,14,48,16,No,1,28,0,,0,0,1,,31,2097152,8,0:5F|F60:FFF,INTOSCIO|OSCCON|2,0,0,64,64,,
PIC18F24Q10,16100,8,256,0,0,,1024,25,24,64,64,No,1,28,2,,0,0,,,31,2097152,128,0:5F|F60:FFF,LFINTOSC|OSCCON1|80,1024,256,128,128,,
PIC18F2510,,16,0,0,0,,1536,25,10,40,32,No,1,28,0,,0,0,,,31,2097152,8,0:7F|F80:FFF,,0,0,-1,-1,,
PIC18F2515,,24,0,0,0,,3968,25,10,40,32,No,1,28,0,,0,0,,,31,2097152,8,0:7F|F80:FFF,,0,0,-1,-1,,
PIC18F252,,16,,0,0,,1536,,5,40,,No,1,28,0,,0,0,,,31,2097152,8,0:7F|F80:FFF,,0,0,8,64,,
PIC18F2520,,16,256,0,0,,1536,25,10,40,32,No,1,28,0,,0,0,,,31,2097152,8,0:7F|F80:FFF,,0,0,32,64,,
PIC18F2523,,16,256,0,0,,1536,25,10,40,32,No,1,28,0,,0,0,,,31,2097152,8,0:7F|F80:FFF,,0,0,32,64,,
PIC18F2525,,24,1024,0,0,,3968,25,10,40,32,No,1,28,0,,0,0,,,31,2097152,8,0:7F|F80:FFF,,0,0,64,64,,
PIC18F2539,,12,,0,0,,1400,,5,40,,No,1,28,0,,0,0,,,31,2097152,8,0:7F|F80:FFF,,0,0,-1,-1,,
PIC18F2550,,16,256,0,0,,2048,24,10,48,8,No,1,28,0,,0,0,,,31,2097152,8,0:5F|F60:FFF,,0,0,32,64,,
PIC18F2553,,16,256,0,0,,2048,24,10,48,8,No,1,28,0,,0,0,,,31,2097152,8,0:5F|F60:FFF,,0,0,32,64,,
PIC18F258,,16,,0,0,,1536,,5,40,,No,1,28,0,,0,0,,,31,2097152,8,0:5F|F60:FFF,,0,0,8,64,,
PIC18F2580,,16,256,0,0,,1536,25,8,40,32,No,1,28,0,,0,0,,,31,2097152,8,0:5F|F60:FFF,,0,0,32,64,,
PIC18F2585,,24,1024,0,0,,3328,25,8,40,32,No,1,28,0,,0,0,,,31,2097152,8,0:5F|F60:FFF,,0,0,64,64,,
PIC18F25J10,,16,0,0,0,,1024,21,10,40,0.032,No,1,28,0,,0,32760,,,31,2097152,8,0:7F|F80:FFF,,0,0,-1,-1,,
PIC18F25J11,,16,0,0,0,,3776,21,10,48,32,No,1,28,0,,0,32760,,,31,2097152,8,0:5F|F60:FFF,,0,0,-1,-1,,
PIC18F25J50,,16,0,0,0,,3776,22,10,48,32,No,1,28,0,,0,32760,,,31,2097152,8,0:5F|F60:FFF,,0,0,-1,-1,,
PIC18F25K20,,16,256,0,0,,1536,25,10,64,64,No,1,28,0,,0,0,1,,31,2097152,8,0:5F|F60:FFF,,0,0,32,64,,
PIC18F25K22,,16,256,0,0,,1536,25,17,64,64,No,1,28,0,,0,0,1,,31,2097152,8,0:5F|F60:FFF,,0,0,64,64,,
PIC18F25K40,16104,16,256,0,0,,2048,25,24,64,64,No,1,28,2,,0,0,,,31,2097152,16,0:5F|F60:FFF,LFINTOSC|OSCCON1|80,0,0,64,64,,
PIC18F25K42,16103,16,256,0,128,32,2048,25,24,64,64,No,1,28,2,,3,0,,4,31,2097152,16,0:5F|3F60:3FFF,LFINTOSC|OSCCON1|80,0,0,64,64,,
PIC18F25K50,,16,256,0,0,,2048,25,14,48,48,No,1,28,0,,0,0,1,,31,2097152,8,0:5F|F60:FFF,INTOSCIO|OSCCON|2,0,0,64,64,,
PIC18F25K80,,16,1024,0,0,,3648,24,8,64,64,No,1,28,0,,0,0,1,,31,2097152,8,0:5F|F60:FFF,,0,0,64,64,,
PIC18F25K83,16107,16,1024,0,128,64,2048,25,24,64,64,No,1,28,0,,3,0,,,31,2097152,16,0:5F|3F60:3FFF,LFINTOSC|OSCCON1|80,0,0,64,64,,
PIC18F25Q10,16100,16,256,0,0,,2048,25,24,64,64,No,1,28,2,,0,0,,,31,2097152,128,0:5F|F60:FFF,LFINTOSC|OSCCON1|80,2048,256,128,128,,
PIC18F25Q43,16101,16,1024,0,128,128,2048,25,24,64,64,No,1,28,2,,4,0,,,128,2097152,8,500:55F|460:4FF,LFINTOSC|OSCCON1|80,0,0,256,256,,
PIC18F2610,,32,0,0,0,,3968,25,10,40,32,No,1,28,0,,0,0,,,31,2097152,8,0:7F|F80:FFF,,0,0,-1,-1,,
PIC18F2620,,32,1024,0,0,,3968,25,10,40,32,No,1,28,0,,0,0,,,31,2097152,8,0:7F|F80:FFF,,0,0,64,64,,
PIC18F2680,,32,1024,0,0,,3328,25,8,40,32,No,1,28,0,,0,0,,,31,2097152,8,0:5F|F60:FFF,,0,0,64,64,,
PIC18F2682,,40,1024,0,0,,3328,25,8,40,32,No,1,28,0,,0,0,,,31,2097152,8,0:5F|F60:FFF,,0,0,64,64,,
PIC18F2685,,48,1024,0,0,,3328,25,8,40,32,No,1,28,0,,0,0,,,31,2097152,8,0:5F|F60:FFF,,0,0,64,64,,
PIC18F26J11,,32,0,0,0,,3776,21,10,48,32,No,1,28,0,,0,65528,,,31,2097152,8,0:5F|F60:FFF,,0,0,-1,-1,,
PIC18F26J13,,32,0,0,0,,3760,22,10,48,48,No,1,28,0,,0,65528,,,31,2097152,8,0:5F|F60:FFF,,0,0,64,1024,,
PIC18F26J50,,32,0,0,0,,3776,22,10,48,32,No,1,28,0,,0,65528,,,31,2097152,8,0:5F|F60:FFF,,0,0,-1,-1,,
PIC18F26J53,,32,0,0,0,,3760,22,13,48,48,No,1,28,0,,0,65528,,,31,2097152,8,0:5F|F60:FFF,,0,0,64,1024,,
PIC18F26K20,,32,1024,0,0,,3936,25,10,64,64,No,1,28,0,,0,0,1,,31,2097152,8,0:5F|F60:FFF,,0,0,64,64,,
PIC18F26K22,,32,1024,0,0,,3896,25,17,64,64,No,1,28,0,,0,0,1,,31,2097152,8,0:5F|F60:FFF,,0,0,64,64,,
PIC18F26K40,16104,32,1024,0,0,,3720,25,24,64,64,No,1,28,2,,0,0,,,31,2097152,16,0:5F|F60:FFF,LFINTOSC|OSCCON1|80,0,0,64,64,,
PIC18F26K42,16103,32,1024,0,0,,4096,36,35,64,64,No,1,28,2,,3,0,,4,31,2097152,16,0:5F|3F60:3FFF,LFINTOSC|OSCCON1|80,0,0,128,128,,
PIC18F26K80,,32,1024,0,0,,3648,24,8,64,64,No,1,28,0,,0,0,1,,31,2097152,8,0:5F|F60:FFF,,0,0,64,64,,
PIC18F26K83,16107,32,1024,0,128,64,4096,25,24,64,64,No,1,28,0,,3,0,,,31,2097152,16,0:5F|3F60:3FFF,LFINTOSC|OSCCON1|80,0,0,128,128,,
PIC18F26Q10,16100,32,1024,0,0,,3615,25,24,64,64,No,1,28,2,,0,0,,,31,2097152,128,0:5F|F60:FFF,LFINTOSC|OSCCON1|80,3328,256,128,128,,
PIC18F26Q43,16101,32,1024,0,128,128,4096,25,24,64,64,No,1,28,2,,4,0,,,128,2097152,8,500:55F|460:4FF,LFINTOSC|OSCCON1|80,0,0,256,256,,
PIC18F27J13,,64,0,0,0,,3760,22,10,48,48,No,1,28,0,,0,131056,,,31,2097152,8,0:5F|F60:FFF,,0,0,64,1024,,
PIC18F27J53,,64,0,0,0,,3760,22,10,48,48,No,1,28,0,,0,131056,,,31,2097152,8,0:5F|F60:FFF,,0,0,64,1024,,
PIC18F27K40,16104,64,1024,0,0,,3720,25,24,64,64,No,1,28,2,,0,0,,,31,2097152,16,0:5F|F60:FFF,LFINTOSC|OSCCON1|80,0,0,128,128,,
PIC18F27K42,16103,64,1024,0,128,64,8192,25,24,64,64,No,1,28,2,,3,0,,4,31,2097152,16,0:5F|3F60:3FFF,LFINTOSC|OSCCON1|80,0,0,128,128,,
PIC18F27Q10,16100,64,1024,0,0,,3615,25,24,64,64,No,1,28,2,,0,0,,,31,2097152,128,0:5F|F60:FFF,LFINTOSC|OSCCON1|80,3328,256,128,128,,
PIC18F27Q43,16101,64,1024,0,128,128,8192,25,24,64,64,No,1,28,2,,4,0,,,128,2097152,8,500:55F|460:4FF,LFINTOSC|OSCCON1|80,0,0,256,256,,
PIC18F4220,,2,256,0,0,,512,36,13,40,8,PSP,1,40,0,,0,0,,,31,2097152,8,0:7F|F80:FFF,,0,0,8,64,,
PIC18F4221,,2,256,0,0,,512,36,13,40,32,PSP,1,40,0,,0,0,,,31,2097152,8,0:7F|F80:FFF,,0,0,8,64,,
PIC18F4320,,4,256,0,0,,512,36,13,40,8,PSP,1,40,0,,0,0,,,31,2097152,8,0:7F|F80:FFF,,0,0,8,64,,
PIC18F4321,,4,256,0,0,,512,36,13,40,32,PSP,1,40,0,,0,0,,,31,2097152,8,0:7F|F80:FFF,,0,0,8,64,,
PIC18F4331,,4,256,0,0,,768,36,9,40,8,No,1,40,0,,0,0,,,31,2097152,8,0:5F|F60:FFF,,0,0,8,64,,
PIC18F43K20,,4,256,0,0,,512,36,13,64,64,PSP,1,40,0,,0,0,1,,31,2097152,8,0:5F|F60:FFF,,0,0,8,64,,
PIC18F43K22,,4,256,0,0,,512,36,28,64,64,No,1,40,0,,0,0,1,,31,2097152,8,0:5F|F60:FFF,,0,0,64,64,,
PIC18F4410,,8,0,0,0,,768,36,13,40,32,PSP,1,40,0,,0,0,,,31,2097152,8,0:7F|F80:FFF,,0,0,-1,-1,,
PIC18F442,,8,,0,0,,768,,8,40,,No,1,40,0,,0,0,,,31,2097152,8,0:7F|F80:FFF,,0,0,8,64,,
PIC18F4420,,8,256,0,0,,768,36,13,40,32,PSP,1,40,0,,0,0,,,31,2097152,8,0:7F|F80:FFF,,0,0,32,64,,
PIC18F4423,,8,256,0,0,,768,36,13,40,32,PSP,1,40,0,,0,0,,,31,2097152,8,0:7F|F80:FFF,,0,0,32,64,,
PIC18F4431,,8,256,0,0,,768,36,9,40,8,No,1,40,0,,0,0,,,31,2097152,8,0:5F|F60:FFF,,0,0,8,64,,
PIC18F4439,,6,,0,0,,384,,8,40,,No,1,40,0,,0,0,,,31,2097152,8,0:7F|F80:FFF,,0,0,8,64,,
PIC18F4450,,8,0,0,0,,768,34,13,48,0.032,No,1,40,0,,0,0,,,31,2097152,8,0:5F|F60:FFF,,0,0,16,64,,
PIC18F4455,,12,256,0,0,,2048,35,13,48,8,No,1,40,0,,0,0,,,31,2097152,8,0:5F|F60:FFF,,0,0,32,64,,
PIC18F4458,,12,256,0,0,,2048,35,13,48,8,No,1,40,0,,0,0,,,31,2097152,8,0:5F|F60:FFF,,0,0,32,64,,
PIC18F448,,8,,0,0,,768,,8,40,,No,1,40,0,,0,0,,,31,2097152,8,0:5F|F60:FFF,,0,0,8,64,,
PIC18F4480,,8,256,0,0,,768,36,11,40,32,PSP,1,40,0,,0,0,,,31,2097152,8,0:5F|F60:FFF,,0,0,-1,-1,,
PIC18F44J10,,8,0,0,0,,1024,32,13,40,0.032,PSP,1,40,0,,0,16376,,,31,2097152,8,0:7F|F80:FFF,,0,0,-1,-1,,
PIC18F44J11,,8,0,0,0,,3776,34,13,48,32,PMP,1,44,0,,0,16376,,,31,2097152,8,0:5F|F60:FFF,,0,0,-1,-1,,
PIC18F44J50,,8,0,0,0,,3776,34,13,48,32,PMP,1,44,0,,0,16376,,,31,2097152,8,0:5F|F60:FFF,,0,0,-1,-1,,
PIC18F44K20,,8,256,0,0,,768,36,13,64,64,PSP,1,40,0,,0,0,1,,31,2097152,8,0:5F|F60:FFF,,0,0,32,64,,
PIC18F44K22,,8,256,0,0,,768,36,28,64,64,No,1,40,0,,0,0,1,,31,2097152,8,0:5F|F60:FFF,,0,0,64,64,,
PIC18F4510,,16,0,0,0,,1536,36,13,40,32,PSP,1,40,0,,0,0,,,31,2097152,8,0:7F|F80:FFF,,0,0,-1,-1,,
PIC18F4515,,24,0,0,0,,3968,36,13,40,32,PSP,1,40,0,,0,0,,,31,2097152,8,0:7F|F80:FFF,,0,0,-1,-1,,
PIC18F452,,16,,0,0,,1536,,8,40,,No,1,40,0,,0,0,,,31,2097152,8,0:7F|F80:FFF,,0,0,8,64,,
PIC18F4520,,16,256,0,0,,1536,36,13,40,32,PSP,1,40,0,,0,0,,,31,2097152,8,0:7F|F80:FFF,,0,0,32,64,,
PIC18F4523,,16,256,0,0,,1536,36,13,40,32,PSP,1,40,0,,0,0,,,31,2097152,8,0:7F|F80:FFF,,0,0,-1,-1,,
PIC18F4525,,24,1024,0,0,,3968,36,13,40,32,PSP,1,40,0,,0,0,,,31,2097152,8,0:7F|F80:FFF,,0,0,-1,-1,,
PIC18F4539,,12,,0,0,,1400,,8,40,,No,1,40,0,,0,0,,,31,2097152,8,0:7F|F80:FFF,,0,0,8,64,,
PIC18F4550,,16,256,0,0,,2048,35,13,48,8,No,1,40,0,,0,0,,,31,2097152,8,0:5F|F60:FFF,,0,0,32,64,,
PIC18F4553,,16,256,0,0,,2048,35,13,48,8,No,1,40,0,,0,0,,,31,2097152,8,0:5F|F60:FFF,,0,0,32,64,,
PIC18F458,,16,,0,0,,1536,,8,40,,No,1,40,0,,0,0,,,31,2097152,8,0:5F|F60:FFF,,0,0,8,64,,
PIC18F4580,,16,256,0,0,,1536,36,11,40,8,PSP,1,40,0,,0,0,,,31,2097152,8,0:5F|F60:FFF,,0,0,64,64,,
PIC18F4585,,24,1024,0,0,,3328,36,11,40,8,No,1,40,0,,0,0,,,31,2097152,8,0:5F|F60:FFF,,0,0,64,64,,
PIC18F45J10,,16,0,0,0,,1024,32,13,40,0.032,PSP,1,40,0,,0,32760,,,31,2097152,8,0:7F|F80:FFF,,0,0,-1,-1,,
PIC18F45J11,,16,0,0,0,,3776,34,13,48,32,PMP,1,44,0,,0,32760,,,31,2097152,8,0:5F|F60:FFF,,0,0,-1,-1,,
PIC18F45J50,,16,0,0,0,,3776,34,13,48,32,PMP,1,44,0,,0,32760,,,31,2097152,8,0:5F|F60:FFF,,0,0,-1,-1,,
PIC18F45K20,,16,256,0,0,,1536,36,13,64,64,PSP,1,40,0,,0,0,1,,31,2097152,8,0:5F|F60:FFF,,0,0,32,64,,
PIC18F45K22,,16,256,0,0,,1536,36,28,64,64,No,1,40,0,,0,0,1,,31,2097152,8,0:5F|F60:FFF,,0,0,64,64,,
PIC18F45K40,16104,16,256,0,0,,2048,36,35,64,64,No,1,40,2,,0,0,,,31,2097152,16,0:5F|F60:FFF,LFINTOSC|OSCCON1|80,0,0,64,64,,
PIC18F45K42,16103,16,256,0,128,64,2048,36,35,64,64,No,1,40,2,,3,0,,4,31,2097152,8,0:5F|3F60:3FFF,LFINTOSC|OSCCON1|80,0,0,128,128,,
PIC18F45K50,,16,256,0,0,,2048,36,25,48,48,No,1,40,0,,0,0,1,,31,2097152,8,0:5F|F60:FFF,INTOSCIO|OSCCON|2,0,0,64,64,,
PIC18F45K80,,16,1024,0,0,,3648,35,11,64,64,No,1,44,0,,0,0,1,,31,2097152,8,0:5F|F60:FFF,,0,0,64,64,,
PIC18F45Q10,16100,16,256,0,0,,2048,35,24,64,64,No,1,40,2,,0,0,,,31,2097152,128,0:5F|F60:FFF,LFINTOSC|OSCCON1|80,2048,256,128,128,,
PIC18F45Q43,16101,16,1024,0,128,128,2048,36,35,64,64,No,1,40,2,,4,0,,,128,2097152,8,500:55F|460:4FF,LFINTOSC|OSCCON1|80,0,0,256,256,,
PIC18F4610,,32,0,0,0,,3968,36,13,40,32,PSP,1,40,0,,0,0,,,31,2097152,8,0:7F|F80:FFF,,0,0,-1,-1,,
PIC18F4620,,32,1024,0,0,,3968,36,13,40,32,PSP,1,40,0,,0,0,,,31,2097152,8,0:7F|F80:FFF,,0,0,64,64,,
PIC18F4680,,32,1024,0,0,,3328,36,11,40,32,No,1,40,0,,0,0,,,31,2097152,8,0:5F|F60:FFF,,0,0,64,64,,
PIC18F4682,,40,1024,0,0,,3328,36,11,40,32,PSP,1,40,0,,0,0,,,31,2097152,8,0:5F|F60:FFF,,0,0,64,64,,
PIC18F4685,,48,1024,0,0,,3328,36,11,40,32,PSP,1,40,0,,0,0,,,31,2097152,8,0:5F|F60:FFF,,0,0,64,64,,
PIC18F46J11,,32,0,0,0,,3776,34,13,48,32,PMP,1,44,0,,0,65528,,,31,2097152,8,0:5F|F60:FFF,,0,0,-1,-1,,
PIC18F46J13,,32,0,0,0,,3760,34,13,48,48,PMP,1,44,0,,0,65528,,,31,2097152,8,0:5F|F60:FFF,,0,0,64,1024,,
PIC18F46J50,,32,0,0,0,,3776,34,13,48,32,PMP,1,44,0,,0,65528,,,31,2097152,8,0:5F|F60:FFF,,0,0,-1,-1,,
PIC18F46J53,,32,0,0,0,,3760,34,13,48,48,PMP,1,44,0,,0,65528,,,31,2097152,8,0:5F|F60:FFF,,0,0,64,1024,,
PIC18F46K20,,32,1024,0,0,,3936,36,13,64,64,PSP,1,40,0,,0,0,1,,31,2097152,8,0:5F|F60:FFF,,0,0,64,64,,
PIC18F46K22,,32,1024,0,0,,3896,36,28,64,64,No,1,40,0,,0,0,1,,31,2097152,8,0:5F|F60:FFF,,0,0,64,64,,
PIC18F46K40,16104,32,1024,0,0,,3720,36,35,64,64,No,1,40,2,,0,0,,,31,2097152,16,0:5F|F60:FFF,LFINTOSC|OSCCON1|80,0,0,64,64,,
PIC18F46K42,16103,32,1024,0,128,64,4096,36,35,64,64,No,1,40,2,,3,0,,4,31,2097152,8,0:5F|3F60:3FFF,LFINTOSC|OSCCON1|80,0,0,128,128,,
PIC18F46K80,,32,1024,0,0,,3648,35,11,64,64,No,1,44,0,,0,0,1,,31,2097152,8,0:5F|F60:FFF,,0,0,64,64,,
PIC18F46Q10,16100,32,1024,0,0,,3615,35,24,64,64,No,1,40,2,,0,0,,,31,2097152,128,0:5F|F60:FFF,LFINTOSC|OSCCON1|80,3328,256,128,128,,
PIC18F46Q43,16101,32,1024,0,128,128,4096,36,35,64,64,No,1,40,2,,4,0,,,128,2097152,8,500:55F|460:4FF,LFINTOSC|OSCCON1|80,0,0,256,256,,
PIC18F47J13,,64,0,0,0,,3760,34,13,48,48,PMP,1,44,0,,0,131056,,,31,2097152,16,0:5F|F60:FFF,,0,0,64,1024,,
PIC18F47J53,,64,0,0,0,,3760,34,13,48,48,PMP,1,44,0,,0,131056,,,31,2097152,16,0:5F|F60:FFF,,0,0,64,1024,,
PIC18F47K40,16104,64,1024,0,0,,3720,36,35,64,64,No,1,40,2,,0,0,,,31,2097152,16,0:5F|F60:FFF,LFINTOSC|OSCCON1|80,0,0,128,128,,
PIC18F47K42,16103,64,1024,0,128,64,8192,36,35,64,64,No,1,40,2,,3,0,,4,31,2097152,8,0:5F|3F60:3FFF,LFINTOSC|OSCCON1|80,0,0,128,128,,
PIC18F47Q10,16100,64,1024,0,0,,3615,35,35,64,64,No,1,40,2,,0,0,,,31,2097152,128,0:5F|F60:FFF,LFINTOSC|OSCCON1|80,3328,256,128,128,,
PIC18F47Q43,16101,64,1024,0,128,128,8192,36,35,64,64,No,1,40,2,,4,0,,,128,2097152,8,500:55F|460:4FF,LFINTOSC|OSCCON1|80,0,0,256,256,,
PIC18F55K42,16103,16,256,0,128,64,2048,44,43,64,64,No,1,48,2,,3,0,,4,31,2097152,8,0:5F|3F60:3FFF,LFINTOSC|OSCCON1|80,0,0,128,128,,
PIC18F55Q43,16101,16,1024,0,128,128,2048,44,43,64,64,No,1,48,2,,4,0,,,128,2097152,8,500:55F|460:4FF,LFINTOSC|OSCCON1|80,0,0,256,256,,
PIC18F56K42,16103,32,1024,0,128,64,4096,44,43,64,64,No,1,48,2,,3,0,,4,31,2097152,8,0:5F|3F60:3FFF,LFINTOSC|OSCCON1|80,0,0,128,128,,
PIC18F56Q43,16101,32,1024,0,128,128,4096,44,43,64,64,No,1,48,2,,4,0,,,128,2097152,8,500:55F|460:4FF,LFINTOSC|OSCCON1|80,0,0,256,256,,
PIC18F57K42,16103,64,1024,0,128,64,8192,44,43,64,64,No,1,48,2,,3,0,,4,31,2097152,16,0:5F|3F60:3FFF,LFINTOSC|OSCCON1|80,0,0,128,128,,
PIC18F57Q43,16101,64,1024,0,128,128,8192,44,43,64,64,No,1,48,2,,4,0,,,128,2097152,8,500:55F|460:4FF,LFINTOSC|OSCCON1|80,0,0,256,256,,
PIC18F6310,,4,0,0,0,,768,54,12,40,32,PSP,1,64,0,,0,0,,,31,2097152,8,0:5F|F60:FFF,,0,0,-1,-1,,
PIC18F6390,,4,0,0,0,,768,50,12,40,32,No,1,64,0,,0,0,,,31,2097152,8,0:5F|F60:FFF,,0,0,-1,-1,,
PIC18F6393,,4,0,0,0,,768,50,12,40,32,No,1,64,0,,0,0,,,31,2097152,8,0:5F|F60:FFF,,0,0,-1,-1,,
PIC18F63J11,,4,0,0,0,,1024,52,12,40,32,PSP,1,64,0,,0,8184,,,31,2097152,16,0:5F|F60:FFF,,0,0,-1,-1,,
PIC18F63J90,,4,0,0,0,,1024,51,12,40,32,No,1,64,0,,0,8184,,,31,2097152,16,0:5F|F60:FFF,,0,0,-1,-1,,
PIC18F6410,,8,0,0,0,,768,54,12,40,32,PSP,1,64,0,,0,0,,,31,2097152,8,0:5F|F60:FFF,,0,0,-1,-1,,
PIC18F6490,,8,0,0,0,,768,50,12,40,32,No,1,64,0,,0,0,,,31,2097152,8,0:5F|F60:FFF,,0,0,-1,-1,,
PIC18F6493,,8,0,0,0,,768,50,12,32,32,No,1,64,0,,0,0,,,31,2097152,8,0:5F|F60:FFF,,0,0,-1,-1,,
PIC18F64J11,,8,0,0,0,,1024,52,12,40,32,PSP,1,64,0,,0,16376,,,31,2097152,16,0:5F|F60:FFF,,0,0,-1,-1,,
PIC18F64J90,,8,0,0,0,,1024,51,12,40,8,No,1,64,0,,0,16376,,,31,2097152,16,0:5F|F60:FFF,,0,0,-1,-1,,
PIC18F6520,,16,1024,0,0,,2048,52,12,40,0,PSP,1,64,0,,0,0,,,31,2097152,8,0:5F|F60:FFF,,0,0,8,64,,
PIC18F6525,,24,,0,0,,3840,,12,40,32,No,1,64,0,,0,0,,,31,2097152,8,0:5F|F60:FFF,,0,0,8,64,,
PIC18F6527,,24,1024,0,0,,3936,54,12,40,32,PSP,1,64,0,,0,0,,,31,2097152,8,0:5F|F60:FFF,,0,0,64,64,,
PIC18F6585,,24,1024,0,0,,3328,53,12,40,0,PSP,1,64,0,,0,0,,,31,2097152,8,0:5F|F60:FFF,,0,0,8,64,,
PIC18F65J10,,16,0,0,0,,2048,50,11,40,0.032,PSP,1,64,0,,0,32760,,,31,2097152,16,0:5F|F60:FFF,,0,0,-1,-1,,
PIC18F65J11,,16,0,0,0,,2048,52,12,40,32,PSP,1,64,0,,0,32760,,,31,2097152,16,0:5F|F60:FFF,,0,0,-1,-1,,
PIC18F65J15,,24,0,0,0,,2048,50,11,40,0.032,PSP,1,64,0,,0,49144,,,31,2097152,16,0:5F|F60:FFF,,0,0,-1,-1,,
PIC18F65J50,,16,0,0,0,,3904,49,8,48,32,PMP,1,64,0,,0,32760,,,31,2097152,16,0:5F|F60:FFF,,0,0,-1,-1,,
PIC18F65J90,,16,0,0,0,,2048,51,12,40,8,No,1,64,0,,0,32760,,,31,2097152,16,0:5F|F60:FFF,,0,0,-1,-1,,
PIC18F65J94,,12,0,0,0,,3862,53,16,64,8,No,0,64,0,,0,0,,,31,2097152,16,0:5F|F60:FFF,,0,0,-1,-1,,
PIC18F65K22,,16,1024,0,0,,2048,53,16,64,64,PSP,1,64,0,,0,0,1,,31,2097152,8,0:5F|F60:FFF,,0,0,64,64,,
PIC18F65K40,16104,16,1024,0,0,,2048,53,47,64,64,No,1,64,2,,3,0,,,31,2097152,16,0:5F|F60:FFF,LFINTOSC|OSCCON1|80,0,0,64,64,,
PIC18F65K80,,16,1024,0,0,,3648,54,11,64,64,No,1,64,0,,0,0,1,,31,2097152,8,0:5F|F60:FFF,,0,0,64,64,,
PIC18F65K90,,16,1024,0,0,,2048,53,16,64,16,No,1,64,0,,0,0,1,,31,2097152,8,0:5F|F60:FFF,,0,0,64,64,,
PIC18F6620,,32,,0,0,,3840,,12,25,,No,1,64,0,,0,0,,,31,2097152,8,0:5F|F60:FFF,,0,0,8,64,,
PIC18F6621,,32,,0,0,,3840,,16,40,,No,1,64,0,,0,0,,,31,2097152,8,0:5F|F60:FFF,,0,0,8,64,,
PIC18F6622,,32,1024,0,0,,3936,54,12,40,32,PSP,1,64,0,,0,0,,,31,2097152,8,0:5F|F60:FFF,,0,0,64,64,,
PIC18F6627,,48,1024,0,0,,3936,54,12,40,32,PSP,1,64,0,,0,0,,,31,2097152,8,0:5F|F60:FFF,,0,0,64,64,,
PIC18F6628,,48,1024,0,0,,3936,54,12,40,8,PSP,1,64,0,,0,0,,,31,2097152,8,0:5F|F60:FFF,,0,0,64,64,,
PIC18F6680,,32,1024,0,0,,3328,53,12,40,32,PSP,1,64,0,,0,0,,,31,2097152,8,0:5F|F60:FFF,,0,0,8,64,,
PIC18F66J10,,32,0,0,0,,2048,50,11,40,0.032,PSP,1,64,0,,0,65528,,,31,2097152,8,0:5F|F60:FFF,,0,0,-1,-1,,
PIC18F66J11,,32,0,0,0,,3904,52,11,48,32,PMP,1,64,0,,0,65528,,,31,2097152,8,0:5F|F60:FFF,,0,0,-1,-1,,
PIC18F66J15,,48,0,0,0,,3936,50,11,40,0.032,PSP,1,64,0,,0,98296,,,31,2097152,8,0:5F|F60:FFF,,0,0,-1,-1,,
PIC18F66J16,,48,0,0,0,,3904,52,11,48,32,PMP,1,64,0,,0,98296,,,31,2097152,8,0:5F|F60:FFF,,0,0,-1,-1,,
PIC18F66J50,,32,0,0,0,,3904,49,8,48,32,PMP,1,64,0,,0,65528,,,31,2097152,8,0:5F|F60:FFF,,0,0,-1,-1,,
PIC18F66J55,,48,0,0,0,,3904,49,8,48,32,PMP,1,64,0,,0,98296,,,31,2097152,8,0:5F|F60:FFF,,0,0,-1,-1,,
PIC18F66J60,,32,0,0,0,,3808,39,11,42,0.032,No,1,64,0,,0,65528,,,31,2097152,8,0:5F|F60:FFF,,0,0,64,1024,,
PIC18F66J65,,48,0,0,0,,3808,39,11,42,0.032,No,1,64,0,,0,98296,,,31,2097152,8,0:5F|F60:FFF,,0,0,64,1024,,
PIC18F66J90,,32,0,0,0,,3900,51,12,48,32,No,1,64,0,,0,65528,,,31,2097152,8,0:5F|F60:FFF,,0,0,-1,-1,,
PIC18F66J93,,32,0,0,0,,3900,51,12,48,32,No,1,64,0,,0,65528,,,31,2097152,8,0:5F|F60:FFF,,0,0,-1,-1,,
PIC18F66J94,,32,0,0,0,,3862,53,16,64,8,No,0,64,0,,0,65528,,,31,2097152,8,0:5F|F60:FFF,,0,0,-1,-1,,
PIC18F66J99,,-1,,0,0,,,,,,,,0,,0,,0,0,,,31,2097152,8,0:5F|F60:FFF,,0,0,-1,-1,,
PIC18F66K22,,32,1024,0,0,,3862,53,16,64,64,PSP,1,64,0,,0,0,1,,31,2097152,8,0:5F|F60:FFF,,0,0,64,64,,
PIC18F66K40,16104,32,1024,0,0,,2048,53,47,64,64,No,1,64,2,,3,0,,,31,2097152,16,0:5F|F60:FFF,LFINTOSC|OSCCON1|80,0,0,64,64,,
PIC18F66K80,,32,1024,0,0,,3648,54,11,64,64,No,1,64,0,,0,0,1,,31,2097152,8,0:5F|F60:FFF,,0,0,64,64,,
PIC18F66K90,,32,1024,0,0,,3828,53,16,64,16,No,1,64,0,,0,0,1,,31,2097152,8,0:5F|F60:FFF,,0,0,64,64,,
PIC18F6720,,64,1024,0,0,,3840,54,12,25,,No,1,64,0,,0,0,,,31,2097152,8,0:5F|F60:FFF,,0,0,8,64,,
PIC18F6722,,64,1024,0,0,,3936,54,12,40,32,PSP,1,64,0,,0,0,,,31,2097152,8,0:5F|F60:FFF,,0,0,64,64,,
PIC18F6723,,64,1024,0,0,,3936,54,12,40,32,PSP,1,64,0,,0,0,,,31,2097152,8,0:5F|F60:FFF,,0,0,64,64,,
PIC18F67J10,,64,0,0,0,,3936,50,11,40,0.032,PSP,1,64,0,,0,131056,,,31,2097152,8,0:5F|F60:FFF,,0,0,-1,-1,,
PIC18F67J11,,64,0,0,0,,3904,52,11,48,32,PMP,1,64,0,,0,131056,,,31,2097152,8,0:5F|F60:FFF,,0,0,-1,-1,,
PIC18F67J50,,64,0,0,0,,3904,49,8,48,32,PMP,1,64,0,,0,131056,,,31,2097152,8,0:5F|F60:FFF,,0,0,-1,-1,,
PIC18F67J60,,64,0,0,0,,3808,39,11,42,0.032,No,1,64,0,,0,131056,,,31,2097152,8,0:5F|F60:FFF,,0,0,64,1024,,
PIC18F67J90,,64,0,0,0,,3900,51,12,48,32,No,1,64,0,,0,131056,,,31,2097152,8,0:5F|F60:FFF,,0,0,-1,-1,,
PIC18F67J93,,64,0,0,0,,3900,51,12,48,32,No,1,64,0,,0,131056,,,31,2097152,8,0:5F|F60:FFF,,0,0,-1,-1,,
PIC18F67J94,,64,0,0,0,,3862,53,16,64,64,No,1,64,0,,0,131042,,,31,2097152,8,0:5F|F60:FFF,,0,0,-1,-1,,
PIC18F67K22,,64,1024,0,0,,3862,53,16,64,64,PSP,1,64,0,,0,0,1,,31,2097152,8,0:5F|F60:FFF,,0,0,64,64,,
PIC18F67K40,16104,64,1024,0,0,,2048,53,47,64,64,No,1,64,2,,3,0,,,31,2097152,16,0:5F|F60:FFF,LFINTOSC|OSCCON1|80,0,0,128,128,,
PIC18F67K90,,64,1024,0,0,,3828,53,16,64,16,No,1,64,0,,0,0,1,,31,2097152,8,0:5F|F60:FFF,,0,0,128,128,,
PIC18F8310,,4,0,0,0,,768,70,12,40,32,PSP,1,80,0,,0,0,,,31,2097152,8,0:5F|F60:FFF,,0,0,-1,-1,,
PIC18F8390,,4,0,0,0,,768,66,12,40,32,No,1,80,0,,0,0,,,31,2097152,8,0:5F|F60:FFF,,0,0,-1,-1,,
PIC18F8393,,4,0,0,0,,768,66,12,40,32,No,1,80,0,,0,0,,,31,2097152,8,0:5F|F60:FFF,,0,0,-1,-1,,
PIC18F83J11,,4,0,0,0,,1024,68,12,40,32,PSP,1,80,0,,0,8184,,,31,2097152,8,0:5F|F60:FFF,,0,0,-1,-1,,
PIC18F83J90,,4,0,0,0,,1024,67,12,40,8,No,1,80,0,,0,8184,,,31,2097152,8,0:5F|F60:FFF,,0,0,-1,-1,,
PIC18F8410,,8,0,0,0,,768,70,12,40,32,PSP,1,80,0,,0,0,,,31,2097152,8,0:5F|F60:FFF,,0,0,-1,-1,,
PIC18F8490,,8,0,0,0,,768,66,12,40,32,No,1,80,0,,0,0,,,31,2097152,8,0:5F|F60:FFF,,0,0,-1,-1,,
PIC18F8493,,8,0,0,0,,768,66,12,32,32,No,1,80,0,,0,0,,,31,2097152,8,0:5F|F60:FFF,,0,0,-1,-1,,
PIC18F84J11,,8,0,0,0,,1024,68,12,40,32,PSP,1,80,0,,0,16376,,,31,2097152,8,0:5F|F60:FFF,,0,0,-1,-1,,
PIC18F84J90,,8,0,0,0,,1024,67,12,40,8,No,1,80,0,,0,16376,,,31,2097152,8,0:5F|F60:FFF,,0,0,-1,-1,,
PIC18F8520,,16,1024,0,0,,2048,68,16,40,0,PSP,1,80,0,,0,0,,,31,2097152,8,0:5F|F60:FFF,,0,0,8,64,,
PIC18F8525,,24,,0,0,,3840,,12,40,,No,1,80,0,,0,0,,,31,2097152,8,0:5F|F60:FFF,,0,0,8,64,,
PIC18F8527,,24,1024,0,0,,3936,70,16,40,32,PSP,1,80,0,,0,0,,,31,2097152,8,0:5F|F60:FFF,,0,0,64,64,,
PIC18F8585,,24,1024,0,0,,3328,69,16,40,0,PSP,1,80,0,,0,0,,,31,2097152,8,0:5F|F60:FFF,,0,0,8,64,,
PIC18F85J10,,16,0,0,0,,2048,66,15,40,0.032,PSP,1,80,0,,0,32760,,,31,2097152,8,0:5F|F60:FFF,,0,0,-1,-1,,
PIC18F85J11,,16,0,0,0,,2048,68,12,40,32,PSP,1,80,0,,0,32760,,,31,2097152,8,0:5F|F60:FFF,,0,0,-1,-1,,
PIC18F85J15,,24,0,0,0,,2048,66,15,40,0.032,PSP,1,80,0,,0,49144,,,31,2097152,8,0:5F|F60:FFF,,0,0,-1,-1,,
PIC18F85J50,,16,0,0,0,,3904,65,12,48,32,PMP,1,80,0,,0,32760,,,31,2097152,8,0:5F|F60:FFF,,0,0,-1,-1,,
PIC18F85J90,,16,0,0,0,,2048,67,12,40,8,No,1,80,0,,0,32760,,,31,2097152,8,0:5F|F60:FFF,,0,0,-1,-1,,
PIC18F85J94,,16,0,0,0,,3862,69,24,64,8,No,0,80,0,,0,0,,,31,2097152,8,0:5F|F60:FFF,,0,0,-1,-1,,
PIC18F85K22,,16,1024,0,0,,2048,69,24,64,64,PSP,1,80,0,,0,0,1,,31,2097152,8,0:5F|F60:FFF,,0,0,64,64,,
PIC18F85K90,,16,1024,0,0,,2048,69,24,64,16,No,1,80,0,,0,0,1,,31,2097152,8,0:5F|F60:FFF,,0,0,64,64,,
PIC18F8620,,32,,0,0,,3840,,16,25,,No,1,80,0,,0,0,,,31,2097152,8,0:5F|F60:FFF,,0,0,8,64,,
PIC18F8621,,32,,0,0,,3840,,16,40,,No,1,80,0,,0,0,,,31,2097152,8,0:5F|F60:FFF,,0,0,8,64,,
PIC18F8622,,32,1024,0,0,,3936,70,16,40,32,PSP,1,80,0,,0,0,,,31,2097152,8,0:5F|F60:FFF,,0,0,64,64,,
PIC18F8627,,48,1024,0,0,,3936,70,16,40,32,PSP,1,80,0,,0,0,,,31,2097152,8,0:5F|F60:FFF,,0,0,64,64,,
PIC18F8628,,48,1024,0,0,,3936,70,16,40,8,PSP,1,80,0,,0,0,,,31,2097152,8,0:5F|F60:FFF,,0,0,64,64,,
PIC18F8680,,32,1024,0,0,,3328,69,16,40,32,PSP,1,80,0,,0,0,,,31,2097152,8,0:5F|F60:FFF,,0,0,8,64,,
PIC18F86J10,,32,0,0,0,,2048,66,15,40,0.032,PSP,1,80,0,,0,65528,,,31,2097152,8,0:5F|F60:FFF,,0,0,-1,-1,,
PIC18F86J11,,32,0,0,0,,3904,68,15,48,32,PMP,1,80,0,,0,65528,,,31,2097152,8,0:5F|F60:FFF,,0,0,-1,-1,,
PIC18F86J15,,48,0,0,0,,3936,66,15,40,0.032,PSP,1,80,0,,0,98296,,,31,2097152,8,0:5F|F60:FFF,,0,0,-1,-1,,
PIC18F86J16,,48,0,0,0,,3904,66,12,48,32,PMP,1,80,0,,0,98296,,,31,2097152,8,0:5F|F60:FFF,,0,0,-1,-1,,
PIC18F86J50,,32,0,0,0,,3904,65,12,48,32,PMP,1,80,0,,0,65528,,,31,2097152,8,0:5F|F60:FFF,,0,0,-1,-1,,
PIC18F86J55,,48,0,0,0,,3904,66,12,48,32,PMP,1,80,0,,0,98296,,,31,2097152,8,0:5F|F60:FFF,,0,0,-1,-1,,
PIC18F86J60,,32,0,0,0,,3808,55,15,42,0.032,PSP,1,80,0,,0,65528,,,31,2097152,8,0:5F|F60:FFF,,0,0,64,1024,,
PIC18F86J65,,48,0,0,0,,3808,55,15,42,0.032,PSP,1,80,0,,0,98296,,,31,2097152,8,0:5F|F60:FFF,,0,0,64,1024,,
PIC18F86J72,,32,0,0,0,,3923,51,2,48,32,No,1,80,0,,0,65528,,,31,2097152,8,0:5F|F60:FFF,,0,0,-1,-1,,
PIC18F86J90,,32,0,0,0,,3900,67,12,48,32,No,1,80,0,,0,65528,,,31,2097152,8,0:5F|F60:FFF,,0,0,-1,-1,,
PIC18F86J93,,32,0,0,0,,3923,67,12,48,32,No,1,80,0,,0,65528,,,31,2097152,8,0:5F|F60:FFF,,0,0,-1,-1,,
PIC18F86J94,,32,0,0,0,,3862,69,24,64,8,No,0,80,0,,0,65528,,,31,2097152,8,0:5F|F60:FFF,,0,0,-1,-1,,
PIC18F86J99,,-1,,0,0,,,,,,,,0,,0,,0,0,,,31,2097152,8,0:5F|F60:FFF,,0,0,-1,-1,,
PIC18F86K22,,32,1024,0,0,,3862,69,24,64,64,PSP,1,80,0,,0,0,1,,31,2097152,8,0:5F|F60:FFF,,0,0,64,64,,
PIC18F86K90,,32,1024,0,0,,3828,69,24,64,16,No,1,80,0,,0,0,1,,31,2097152,8,0:5F|F60:FFF,,0,0,64,64,,
PIC18F8720,,64,,0,0,,3840,,16,25,,No,1,80,0,,0,0,,,31,2097152,8,0:5F|F60:FFF,,0,0,8,64,,
PIC18F8722,,64,1024,0,0,,3936,70,16,40,32,PSP,1,80,0,,0,0,,,31,2097152,8,0:5F|F60:FFF,,0,0,64,64,,
PIC18F8723,,64,1024,0,0,,3936,70,16,40,32,PSP,1,80,0,,0,0,,,31,2097152,8,0:5F|F60:FFF,,0,0,64,64,,
PIC18F87J10,,64,0,0,0,,3936,66,15,40,0.032,PSP,1,80,0,,0,131056,,,31,2097152,8,0:5F|F60:FFF,,0,0,-1,-1,,
PIC18F87J11,,64,0,0,0,,3904,66,12,48,32,PMP,1,80,0,,0,131056,,,31,2097152,8,0:5F|F60:FFF,,0,0,-1,-1,,
PIC18F87J50,,64,0,0,0,,3904,65,12,48,32,PMP,1,80,0,,0,131056,,,31,2097152,8,0:5F|F60:FFF,,0,0,-1,-1,,
PIC18F87J60,,64,0,0,0,,3808,55,15,42,0.032,No,1,80,0,,0,131056,,,31,2097152,8,0:5F|F60:FFF,,0,0,64,1024,,
PIC18F87J72,,64,0,0,0,,3923,51,2,48,32,No,1,80,0,,0,131056,,,31,2097152,8,0:5F|F60:FFF,,0,0,-1,-1,,
PIC18F87J90,,64,0,0,0,,3900,67,12,48,32,No,1,80,0,,0,131056,,,31,2097152,8,0:5F|F60:FFF,,0,0,-1,-1,,
PIC18F87J93,,64,0,0,0,,3923,67,12,48,32,No,1,80,0,,0,131056,,,31,2097152,8,0:5F|F60:FFF,,0,0,-1,-1,,
PIC18F87J94,,64,0,0,0,,3862,69,24,64,64,No,1,80,0,,0,131042,,,31,2097152,8,0:5F|F60:FFF,,0,0,-1,-1,,
PIC18F87K22,,64,1024,0,0,,3862,69,24,64,64,PSP,1,80,0,,0,0,1,,31,2097152,8,0:5F|F60:FFF,,0,0,128,128,,
PIC18F87K90,,64,1024,0,0,,3728,69,24,64,16,No,1,80,0,,0,0,1,,31,2097152,8,0:5F|F60:FFF,,0,0,128,128,,
PIC18F95J94,,16,0,0,0,,3862,87,24,64,8,No,0,100,0,,0,0,,,31,2097152,8,0:5F|F60:FFF,,0,0,-1,-1,,
PIC18F96J60,,32,0,0,0,,3808,70,16,42,0.032,PSP,1,100,0,,0,65528,,,31,2097152,8,0:5F|F60:FFF,,0,0,64,1024,,
PIC18F96J65,,48,0,0,0,,3808,70,16,42,0.032,PSP,1,100,0,,0,98296,,,31,2097152,8,0:5F|F60:FFF,,0,0,64,1024,,
PIC18F96J72,,-1,,0,0,,,,,,,,0,,0,,0,0,,,31,2097152,8,,,0,0,-1,-1,,
PIC18F96J94,,32,0,0,0,,3862,87,24,64,8,No,0,100,0,,0,65528,,,31,2097152,8,0:5F|F60:FFF,,0,0,-1,-1,,
PIC18F96J99,,-1,,0,0,,,,,,,,0,,0,,0,0,,,31,2097152,8,0:5F|F60:FFF,,0,0,-1,-1,,
PIC18F97J60,,64,0,0,0,,3808,70,16,42,0.032,PSP,1,100,0,,0,131056,,,31,2097152,8,0:5F|F60:FFF,,0,0,64,1024,,
PIC18F97J72,,-1,,0,0,,,,,,,,0,,0,,0,0,,,31,2097152,8,,,0,0,-1,-1,,
PIC18F97J94,,64,0,0,0,,3862,87,24,64,64,No,1,100,0,,0,131042,,,31,2097152,8,0:5F|F60:FFF,,0,0,-1,-1,,
PIC18LF24J10,,8,0,0,0,,1024,21,10,40,0.032,No,1,28,0,,0,16376,,,31,2097152,8,0:7F|F80:FFF,,0,0,-1,-1,,
PIC18LF24J11,,8,0,0,0,,3776,21,10,48,8,No,1,28,0,,0,16376,,,31,2097152,8,0:5F|F60:FFF,,0,0,-1,-1,,
PIC18LF24J50,,8,0,0,0,,3776,22,10,48,8,No,1,28,0,,0,16376,,,31,2097152,8,0:5F|F60:FFF,,0,0,-1,-1,,
PIC18LF24K42,16103,8,256,0,128,32,1024,25,24,64,64,No,1,28,2,,3,0,,4,31,2097152,16,0:5F|3F60:3FFF,LFINTOSC|OSCCON1|80,0,0,64,64,,
PIC18LF25J10,,16,0,0,0,,1024,21,10,40,0.032,No,1,28,0,,0,32760,,,31,2097152,8,0:7F|F80:FFF,,0,0,-1,-1,,
PIC18LF25J11,,16,0,0,0,,3776,21,10,48,8,No,1,28,0,,0,32760,,,31,2097152,8,0:5F|F60:FFF,,0,0,-1,-1,,
PIC18LF25J50,,16,0,0,0,,3776,22,10,48,8,No,1,28,0,,0,32760,,,31,2097152,8,0:5F|F60:FFF,,0,0,-1,-1,,
PIC18LF25K42,16103,16,256,0,128,32,2048,25,24,64,64,No,1,28,2,,3,0,,4,31,2097152,16,0:5F|3F60:3FFF,LFINTOSC|OSCCON1|80,0,0,64,64,,
PIC18LF26J11,,32,0,0,0,,3776,21,10,48,8,No,1,28,0,,0,65528,,,31,2097152,8,0:5F|F60:FFF,,0,0,-1,-1,,
PIC18LF26J13,,32,0,0,0,,3760,22,10,48,8,No,1,28,0,,0,65528,,,31,2097152,8,0:5F|F60:FFF,,0,0,64,1024,,
PIC18LF26J50,,32,0,0,0,,3776,22,10,48,8,No,1,28,0,,0,65528,,,31,2097152,8,0:5F|F60:FFF,,0,0,-1,-1,,
PIC18LF26J53,,32,0,0,0,,3760,22,13,48,8,No,1,28,0,,0,65528,,,31,2097152,8,0:5F|F60:FFF,,0,0,64,1024,,
PIC18LF26K42,16103,32,1024,0,128,64,4096,36,35,64,64,No,1,28,2,,3,0,,4,31,2097152,16,0:5F|3F60:3FFF,LFINTOSC|OSCCON1|80,0,0,128,128,,
PIC18LF27J13,,64,0,0,0,,3760,22,10,48,8,No,1,28,0,,0,131056,,,31,2097152,8,0:5F|F60:FFF,,0,0,64,1024,,
PIC18LF27J53,,64,0,0,0,,3760,22,10,48,8,No,1,28,0,,0,131056,,,31,2097152,8,0:5F|F60:FFF,,0,0,64,1024,,
PIC18LF27K42,16103,64,1024,0,128,64,8192,25,24,64,64,No,1,28,2,,3,0,,4,31,2097152,16,0:5F|3F60:3FFF,LFINTOSC|OSCCON1|80,0,0,128,128,,
PIC18LF44J10,,8,0,0,0,,1024,32,13,40,0.032,PSP,1,40,0,,0,16376,,,31,2097152,8,0:7F|F80:FFF,,0,0,-1,-1,,
PIC18LF44J11,,8,0,0,0,,3776,34,13,48,8,PMP,1,44,0,,0,16376,,,31,2097152,8,0:5F|F60:FFF,,0,0,-1,-1,,
PIC18LF44J50,,8,0,0,0,,3776,34,13,48,8,PMP,1,44,0,,0,16376,,,31,2097152,8,0:5F|F60:FFF,,0,0,-1,-1,,
PIC18LF45J10,,16,0,0,0,,1024,32,13,40,0.032,PSP,1,40,0,,0,32760,,,31,2097152,8,0:7F|F80:FFF,,0,0,-1,-1,,
PIC18LF45J11,,16,0,0,0,,3776,34,13,48,8,PMP,1,44,0,,0,32760,,,31,2097152,8,0:5F|F60:FFF,,0,0,-1,-1,,
PIC18LF45J50,,16,0,0,0,,3776,34,13,48,8,PMP,1,44,0,,0,32760,,,31,2097152,8,0:5F|F60:FFF,,0,0,-1,-1,,
PIC18LF45K42,16103,16,256,0,128,64,2048,36,35,64,64,No,1,40,2,,3,0,,4,31,2097152,16,0:5F|3F60:3FFF,LFINTOSC|OSCCON1|80,0,0,128,128,,
PIC18LF46J11,,32,0,0,0,,3776,34,13,48,8,PMP,1,44,0,,0,65528,,,31,2097152,8,0:5F|F60:FFF,,0,0,-1,-1,,
PIC18LF46J13,,32,0,0,0,,3760,34,13,48,8,PMP,1,44,0,,0,65528,,,31,2097152,8,0:5F|F60:FFF,,0,0,64,1024,,
PIC18LF46J50,,32,0,0,0,,3776,34,13,48,8,PMP,1,44,0,,0,65528,,,31,2097152,8,0:5F|F60:FFF,,0,0,-1,-1,,
PIC18LF46J53,,,,0,0,,,,,,,,1,,,,,65528,,,31,2097152,8,0:5F|F60:FFF,,0,0,64,1024,,
PIC18LF46K42,16103,32,1024,0,128,64,4096,36,35,64,64,No,1,40,2,,3,0,,4,31,2097152,16,0:5F|3F60:3FFF,LFINTOSC|OSCCON1|80,0,0,128,128,,
PIC18LF47J13,,64,0,0,0,,3760,34,13,48,8,PMP,1,44,0,,0,131056,,,31,2097152,16,0:5F|F60:FFF,,0,0,64,1024,,
PIC18LF47J53,,64,0,0,0,,3760,34,13,48,8,PMP,1,44,0,,0,131056,,,31,2097152,16,0:5F|F60:FFF,,0,0,64,1024,,
PIC18LF47K42,16103,64,1024,0,128,64,8192,36,35,64,64,No,1,40,2,,3,0,,4,16,32768,4,0:5F|3F60:3FFF,LFINTOSC|OSCCON1|80,0,0,128,128,,
PIC18LF55K42,16103,16,256,0,128,64,2048,44,43,64,64,No,1,48,2,,3,0,,4,16,32768,4,0:5F|3F60:3FFF,LFINTOSC|OSCCON1|80,0,0,128,128,,
PIC18LF56K42,16103,32,1024,0,128,64,4096,44,43,64,64,No,1,48,2,,3,0,,4,16,32768,4,0:5F|3F60:3FFF,LFINTOSC|OSCCON1|80,0,0,128,128,,
PIC18LF57K42,16103,64,1024,0,128,64,8192,44,43,64,64,No,1,48,2,,3,0,,4,31,2097152,16,0:5F|3F60:3FFF,LFINTOSC|OSCCON1|80,0,0,128,128,,
PIC18F16Q41,16102,32,512,0,128,128,4096,18,11,64,64,No,3,20,0,,4,0,,,128,2097152,8,500:55F|460:4FF,LFINTOSC|OSCCON1|80,0,0,256,256,,QA
PIC18F15Q41,16102,16,512,0,128,128,2048,18,11,64,64,No,3,20,0,,4,0,,,128,2097152,8,500:55F|460:4FF,LFINTOSC|OSCCON1|80,0,0,256,256,,
PIC18F14Q41,16102,8,512,0,128,128,1024,18,11,64,64,No,3,20,0,,4,0,,,128,2097152,8,500:55F|460:4FF,LFINTOSC|OSCCON1|80,0,0,256,256,,
PIC18F06Q41,16102,32,512,0,128,128,4096,18,11,64,64,No,3,14,0,,4,0,,,128,2097152,8,500:55F|460:4FF,LFINTOSC|OSCCON1|80,0,0,256,256,,
PIC18F05Q41,16102,16,512,0,128,128,2048,18,11,64,64,No,3,14,0,,4,0,,,128,2097152,8,500:55F|460:4FF,LFINTOSC|OSCCON1|80,0,0,256,256,,
PIC18F04Q41,16102,8,512,0,128,128,1024,18,11,64,64,No,3,14,0,,4,0,,,128,2097152,8,500:55F|460:4FF,LFINTOSC|OSCCON1|80,0,0,256,256,,
PIC18F16Q40,16105,32,256,0,128,128,4096,18,11,64,64,No,3,20,0,,4,0,,,128,2097152,8,500:55F|460:4FF,LFINTOSC|OSCCON1|80,0,0,256,256,,QA
PIC18F15Q40,16105,16,256,0,128,128,2048,18,11,64,64,No,3,20,0,,4,0,,,128,2097152,8,500:55F|460:4FF,LFINTOSC|OSCCON1|80,0,0,256,256,,
PIC18F14Q40,16105,8,256,0,128,128,1024,18,11,64,64,No,3,20,0,,4,0,,,128,2097152,8,500:55F|460:4FF,LFINTOSC|OSCCON1|80,0,0,256,256,,
PIC18F06Q40,16105,32,256,0,128,128,4096,18,11,64,64,No,3,14,0,,4,0,,,128,2097152,8,500:55F|460:4FF,LFINTOSC|OSCCON1|80,0,0,256,256,,
PIC18F05Q40,16105,16,256,0,128,128,2048,18,11,64,64,No,3,14,0,,4,0,,,128,2097152,8,500:55F|460:4FF,LFINTOSC|OSCCON1|80,0,0,256,256,,
PIC18F04Q40,16105,8,256,0,128,128,1024,18,11,64,64,No,3,14,0,,4,0,,,128,2097152,8,500:55F|460:4FF,LFINTOSC|OSCCON1|80,0,0,256,256,,
PIC16F15213,15001,2,0,0,128,32,256,6,5,32,32,No,1,8,0,,0,0,,,16,32768,4,70:7F,,0,0,32,32,,
PIC16F15214,15001,4,0,0,128,32,512,6,5,32,32,No,1,8,0,,0,0,,,16,32768,4,70:7F,,0,0,32,32,,
PIC16F15223,15001,2,0,0,128,32,256,12,5,32,32,No,1,14,0,,0,0,,,16,32768,4,70:7F,,0,0,32,32,,
PIC16F15224,15001,4,0,0,128,32,512,12,9,32,32,No,1,14,0,,0,0,,,16,32768,4,70:7F,,0,0,32,32,,
PIC16F15225,15001,8,0,0,128,32,1024,12,9,32,32,No,1,14,0,,0,0,,,16,32768,4,70:7F,,0,0,32,32,,
PIC16F15243,15001,2,0,0,128,32,256,18,12,32,32,No,1,20,0,,0,0,,,16,32768,4,70:7F,,0,0,32,32,,
PIC16F15244,15001,4,0,0,128,32,512,18,12,32,32,No,1,20,0,,0,0,,,16,32768,4,70:7F,,0,0,32,32,,
PIC16F15245,15001,8,0,0,128,32,1024,18,12,32,32,No,1,20,0,,0,0,,,16,32768,4,70:7F,,0,0,32,32,,
PIC16F15254,15001,4,0,0,128,32,512,25,17,32,32,No,1,28,0,,0,0,,,16,32768,4,70:7F,,0,0,32,32,,
PIC16F15255,15001,8,0,0,128,32,512,25,17,32,32,No,1,28,0,,0,0,,,16,32768,4,70:7F,,0,0,32,32,,
PIC16F15256,15001,16,0,0,128,32,1024,25,17,32,32,No,1,28,0,,0,0,,,16,32768,4,70:7F,,0,0,32,32,,
PIC16F15274,15001,4,0,0,128,32,512,36,28,32,32,No,1,40,0,,0,0,,,16,32768,4,70:7F,,0,0,32,32,,
PIC16F15275,15001,8,0,0,128,32,1024,36,28,32,32,No,1,40,0,,0,0,,,16,32768,4,70:7F,,0,0,32,32,,
PIC16F15276,15001,16,0,0,128,32,2048,36,28,32,32,No,1,40,0,,0,0,,,16,32768,4,70:7F,,0,0,32,32,,
PIC18F26Q84,16106,64,1024,0,128,128,8192,25,24,64,64,No,3,28,2,,4,0,,,128,2097152,8,500:55F|460:4FF,LFINTOSC|OSCCON1|80,0,0,256,256,,
PIC18F27Q84,16106,64,1024,0,128,128,12800,25,24,64,64,No,3,28,2,,4,0,,,128,2097152,8,500:55F|460:4FF,LFINTOSC|OSCCON1|80,0,0,256,256,,
PIC18F46Q84,16106,64,1024,0,128,128,8192,25,24,64,64,No,3,40,2,,4,0,,,128,2097152,8,500:55F|460:4FF,LFINTOSC|OSCCON1|80,0,0,256,256,,
PIC18F47Q84,16106,64,1024,0,128,128,12800,36,35,64,64,No,3,40,2,,4,0,,,128,2097152,8,500:55F|460:4FF,LFINTOSC|OSCCON1|80,0,0,256,256,,
PIC18F56Q84,16106,64,1024,0,128,128,8192,25,24,64,64,No,3,48,2,,4,0,,,128,2097152,8,500:55F|460:4FF,LFINTOSC|OSCCON1|80,0,0,256,256,,
PIC18F57Q84,16106,64,1024,0,128,128,12800,44,43,64,64,No,3,48,2,,4,0,,,128,2097152,8,500:55F|460:4FF,LFINTOSC|OSCCON1|80,0,0,256,256,,
PIC18F26Q83,16108,32,1024,0,128,128,8192,25,24,64,64,No,3,28,2,,4,0,,,128,2097152,8,500:55F|460:4FF,LFINTOSC|OSCCON1|80,0,0,256,256,,
PIC18F27Q83,16108,32,1024,0,128,128,12800,25,24,64,64,No,3,28,2,,4,0,,,128,2097152,8,500:55F|460:4FF,LFINTOSC|OSCCON1|80,0,0,256,256,,
PIC18F46Q83,16108,32,1024,0,128,128,8192,25,24,64,64,No,3,40,2,,4,0,,,128,2097152,8,500:55F|460:4FF,LFINTOSC|OSCCON1|80,0,0,256,256,,
PIC18F47Q83,16108,32,1024,0,128,128,12800,36,35,64,64,No,3,40,2,,4,0,,,128,2097152,8,500:55F|460:4FF,LFINTOSC|OSCCON1|80,0,0,256,256,,
PIC18F56Q83,16108,32,1024,0,128,128,8192,25,24,64,64,No,3,48,2,,4,0,,,128,2097152,8,500:55F|460:4FF,LFINTOSC|OSCCON1|80,0,0,256,256,,
PIC18F57Q83,16108,32,1024,0,128,128,12800,44,43,64,64,No,3,48,2,,4,0,,,128,2097152,8,500:55F|460:4FF,LFINTOSC|OSCCON1|80,0,0,256,256,,
